Date,PC3_DGS5
2015-12-17,0.2359129278383988
2015-12-18,0.2369674382236062
2015-12-21,0.23799844258280833
2015-12-22,0.2390057517828475
2015-12-23,0.2399891793503927
2015-12-24,0.24094854149658704
2015-12-25,0.24188365714138596
2015-12-28,0.2427943479375849
2015-12-29,0.24368043829453154
2015-12-30,0.24454175540152173
2015-12-31,0.24537812925087416
2016-01-01,0.24618939266068274
2016-01-04,0.24697538129724247
2016-01-05,0.2477359336971472
2016-01-06,0.24847089128905553
2016-01-07,0.24918009841512342
2016-01-08,0.24986340235209878
2016-01-11,0.25052065333207796
2016-01-12,0.2511517045629203
2016-01-13,0.2517564122483169
2016-01-14,0.2523346356075142
2016-01-15,0.2528862368946871
2016-01-18,0.2534110814179606
2016-01-19,0.25390903755807737
2016-01-20,0.25437997678670865
2016-01-21,0.2548237736844065
2016-01-22,0.25524030595819464
2016-01-25,0.2556294544587972
2016-01-26,0.25599110319750024
2016-01-27,0.2563251393626474
2016-01-28,0.25663145333576515
2016-01-29,0.2569099387073166
2016-02-01,0.25716049229208104
2016-02-02,0.25738301414415937
2016-02-03,0.2575774075716006
2016-02-04,0.25774357915064927
2016-02-05,0.2578814387396123
2016-02-08,0.25799089949234266
2016-02-09,0.2580718778713375
2016-02-10,0.2581242936604514
2016-02-11,0.25814806997722
2016-02-12,0.25814313328479505
2016-02-15,0.2581094134034886
2016-02-16,0.25804684352192314
2016-02-17,0.2579553602077883
2016-02-18,0.25783490341820314
2016-02-19,0.2576854165096793
2016-02-22,0.2575068462476875
2016-02-23,0.257299142815824
2016-02-24,0.2570622598245765
2016-02-25,0.2567961543196875
2016-02-26,0.2565007867901155
2016-02-29,0.2561761211755912
2016-03-01,0.2558221248737686
2016-03-02,0.2554387687469707
2016-03-03,0.2550260271285267
2016-03-04,0.2545838778287023
2016-03-07,0.2541123021402201
2016-03-08,0.2536112848433713
2016-03-09,0.253080814210716
2016-03-10,0.25252088201137207
2016-03-11,0.25193148351489425
2016-03-14,0.25131261749473716
2016-03-15,0.2506642862313088
2016-03-16,0.2499864955146081
2016-03-17,0.2492792546464498
2016-03-18,0.24854257644227346
2016-03-21,0.24777647723253937
2016-03-22,0.24698097686370724
2016-03-23,0.24615609869880153
2016-03-24,0.24530186961755923
2016-03-25,0.24441832001616284
2016-03-28,0.24350548380655698
2016-03-29,0.24256339841534888
2016-03-30,0.241592104782293
2016-03-31,0.2405916473583589
2016-04-01,0.2395620741033835
2016-04-04,0.23850343648330757
2016-04-05,0.2374157894669957
2016-04-06,0.23629919152264145
2016-04-07,0.23515370461375643
2016-04-08,0.23397939419474473
2016-04-11,0.23277632920606264
2016-04-12,0.23154458206896408
2016-04-13,0.23028422867983175
2016-04-14,0.2289953484040955
2016-04-15,0.22767802406973767
2016-04-18,0.2263323419603859
2016-04-19,0.2249583918079947
2016-04-20,0.22355626678511617
2016-04-21,0.22212606349676017
2016-04-22,0.22066788197184553
2016-04-25,0.21918182565424243
2016-04-26,0.21766800139340697
2016-04-27,0.2161265194346101
2016-04-28,0.2145574934087587
2016-04-29,0.21296104032181412
2016-05-02,0.21133728054380552
2016-05-03,0.20968633779744159
2016-05-04,0.2080083391463201
2016-05-05,0.20630341498273808
2016-05-06,0.20457169901510247
2016-05-09,0.20281332825494328
2016-05-10,0.20102844300353082
2016-05-11,0.1992171868380977
2016-05-12,0.19737970659766763
2016-05-13,0.19551615236849187
2016-05-16,0.1936266774690963
2016-05-17,0.19171143843493837
2016-05-18,0.189770595002678
2016-05-19,0.18780431009406237
2016-05-20,0.18581274979942708
2016-05-23,0.1837960833608151
2016-05-24,0.18175448315471626
2016-05-25,0.1796881246744274
2016-05-26,0.17759718651203665
2016-05-27,0.17548185034003305
2016-05-30,0.17334230089254415
2016-05-31,0.17117872594620193
2016-06-01,0.16899131630064165
2016-06-02,0.16678026575863356
2016-06-03,0.16454577110585078
2016-06-06,0.16228803209027556
2016-06-07,0.16000725140124486
2016-06-08,0.15770363464813994
2016-06-09,0.15537739033871978
2016-06-10,0.1530287298571025
2016-06-13,0.15065786744139614
2016-06-14,0.14826502016098164
2016-06-15,0.14585040789345083
2016-06-16,0.14341425330120172
2016-06-17,0.1409567818076928
2016-06-20,0.13847822157336112
2016-06-21,0.13597880347120375
2016-06-22,0.13345876106202914
2016-06-23,0.1309183305693771
2016-06-24,0.12835775085411322
2016-06-27,0.12577726338869888
2016-06-28,0.12317711223114114
2016-06-29,0.1205575439986231
2016-06-30,0.11791880784082041
2016-07-01,0.11526115541290491
2016-07-04,0.11258484084823916
2016-07-05,0.10989012073076497
2016-07-06,0.10717725406708875
2016-07-07,0.10444650225826697
2016-07-08,0.10169812907129476
2016-07-11,0.0989324006103006
2016-07-12,0.0961495852874518
2016-07-13,0.09334995379357107
2016-07-14,0.0905337790684707
2016-07-15,0.08770133627100561
2016-07-18,0.08485290274884928
2016-07-19,0.08198875800799611
2016-07-20,0.07910918368199334
2016-07-21,0.07621446350090581
2016-07-22,0.07330488326001801
2016-07-25,0.07038073078827595
2016-07-26,0.06744229591647197
2016-07-27,0.06448987044517845
2016-07-28,0.061523748112430825
2016-07-29,0.05854422456116583
2016-08-01,0.055551597306418496
2016-08-02,0.052546165702279796
2016-08-03,0.0495282309086211
2016-08-04,0.04649809585758735
2016-08-05,0.043456065219863935
2016-08-08,0.04040244537071998
2016-08-09,0.037337544355833044
2016-08-10,0.034261671856898275
2016-08-11,0.03117513915702649
2016-08-12,0.028078259105933985
2016-08-15,0.024971346084930353
2016-08-16,0.021854715971704776
2016-08-17,0.018728686104919026
2016-08-18,0.015593575248606653
2016-08-19,0.012449703556386856
2016-08-22,0.009297392535493073
2016-08-23,0.006136965010623972
2016-08-24,0.0029687450876177014
2016-08-25,-0.0002069418830436548
2016-08-26,-0.003389769342897518
2016-08-29,-0.006579409562326195
2016-08-30,-0.00977553367754125
2016-08-31,-0.012977811727722237
2016-09-01,-0.01618591269230519
2016-09-02,-0.019399504528416964
2016-09-05,-0.022618254208452013
2016-09-06,-0.025841827757784454
2016-09-07,-0.02906989029261544
2016-09-08,-0.032302106057947665
2016-09-09,-0.03553813846568438
2016-09-12,-0.03877765013284866
2016-09-13,-0.042020302919918186
2016-09-14,-0.04526575796927095
2016-09-15,-0.048513675743738084
2016-09-16,-0.05176371606525853
2016-09-19,-0.05501553815363212
2016-09-20,-0.05826880066536626
2016-09-21,-0.061523161732610854
2016-09-22,-0.0647782790021787
2016-09-23,-0.06803380967464553
2016-09-26,-0.07128941054352546
2016-09-27,-0.07454473803451832
2016-09-28,-0.07779944824482238
2016-09-29,-0.08105319698251055
2016-09-30,-0.0843056398059627
2016-10-03,-0.08755643206335231
2016-10-04,-0.09080522893218082
2016-10-05,-0.09405168545885603
2016-10-06,-0.09729545659830971
2016-10-07,-0.10053619725365108
2016-10-10,-0.10377356231584842
2016-10-11,-0.107007206703439
2016-10-12,-0.11023678540225756
2016-10-13,-0.11346195350518337
2016-10-14,-0.11668236625189762
2016-10-17,-0.11989767906864947
2016-10-18,-0.12310754760802353
2016-10-19,-0.126311627788707
2016-10-20,-0.12950957583524872
2016-10-21,-0.13270104831780893
2016-10-24,-0.13588570219189144
2016-10-25,-0.13906319483805749
2016-10-26,-0.1422331841016137
2016-10-27,-0.14539532833227056
2016-10-28,-0.14854928642376738
2016-10-31,-0.15169471785345895
2016-11-01,-0.15483128272185737
2016-11-02,-0.15795864179212832
2016-11-03,-0.16107645652953378
2016-11-04,-0.16418438914081762
2016-11-07,-0.16728210261353005
2016-11-08,-0.17036926075528666
2016-11-09,-0.17344552823295573
2016-11-10,-0.17651057061177114
2016-11-11,-0.179564054394365
2016-11-14,-0.1826056470597166
2016-11-15,-0.18563501710201252
2016-11-16,-0.18865183406941283
2016-11-17,-0.19165576860272024
2016-11-18,-0.19464649247394655
2016-11-21,-0.19762367862477218
2016-11-22,-0.20058700120489506
2016-11-23,-0.20353613561026257
2016-11-24,-0.20647075852118496
2016-11-25,-0.20939054794032222
2016-11-28,-0.2122951832305433
2016-11-29,-0.21518434515265128
2016-11-30,-0.21805771590297063
2016-12-01,-0.22091497915079164
2016-12-02,-0.22375582007567
2016-12-05,-0.22657992540457217
2016-12-06,-0.229386983448869
2016-12-07,-0.23217668414116635
2016-12-08,-0.2349487190719742
2016-12-09,-0.2377027815262055
2016-12-12,-0.24043856651950393
2016-12-13,-0.24315577083439338
2016-12-14,-0.24585409305624775
2016-12-15,-0.24853323360907392
2016-12-16,-0.25119289479110657
2016-12-19,-0.25383278081020794
2016-12-20,-0.2564525978190708
2016-12-21,-0.25905205395021885
2016-12-22,-0.2616308593508011
2016-12-23,-0.2641887262171753
2016-12-26,-0.2667253688292792
2016-12-27,-0.26924050358477963
2016-12-28,-0.2717338490330038
2016-12-29,-0.2742051259086402
2016-12-30,-0.2766540571652117
2017-01-02,-0.27908036800831243
2017-01-03,-0.28148378592860823
2017-01-04,-0.2838640407345935
2017-01-05,-0.2862208645851027
2017-01-06,-0.2885539920215712
2017-01-09,-0.2908631600000438
2017-01-10,-0.2931481079229241
2017-01-11,-0.2954085776704637
2017-01-12,-0.2976443136319859
2017-01-13,-0.2998550627368408
2017-01-16,-0.302040574485088
2017-01-17,-0.30420060097790286
2017-01-18,-0.3063348969477038
2017-01-19,-0.3084432197879958
2017-01-20,-0.31052532958292683
2017-01-23,-0.3125809891365546
2017-01-24,-0.3146099640018188
2017-01-25,-0.3166120225092169
2017-01-26,-0.3185869357951775
2017-01-27,-0.32053447783013217
2017-01-30,-0.32245442544627656
2017-01-31,-0.3243465583650236
2017-02-01,-0.3262106592241408
2017-02-02,-0.32804651360457066
2017-02-03,-0.32985391005693065
2017-02-06,-0.331632640127689
2017-02-07,-0.3333824983850137
2017-02-08,-0.3351032824442918
2017-02-09,-0.3367947929933143
2017-02-10,-0.3384568338171269
2017-02-13,-0.34008921182253943
2017-02-14,-0.34169173706229433
2017-02-15,-0.34326422275888946
2017-02-16,-0.34480648532805386
2017-02-17,-0.3463183444018706
2017-02-20,-0.34779962285154903
2017-02-21,-0.34925014680983674
2017-02-22,-0.35066974569307635
2017-02-23,-0.35205825222289744
2017-02-24,-0.35341550244754527
2017-02-27,-0.35474133576284156
2017-02-28,-0.356035594932777
2017-03-01,-0.3572981261097298
2017-03-02,-0.3585287788543105
2017-03-03,-0.35972740615482907
2017-03-06,-0.360893864446383
2017-03-07,-0.3620280136295631
2017-03-08,-0.3631297170887745
2017-03-09,-0.36419884171017186
2017-03-10,-0.3652352578992055
2017-03-13,-0.36623883959777637
2017-03-14,-0.36720946430099816
2017-03-15,-0.36814701307356384
2017-03-16,-0.3690513705657152
2017-03-17,-0.36992242502881284
2017-03-20,-0.37076006833050473
2017-03-21,-0.3715641959694922
2017-03-22,-0.37233470708989014
2017-03-23,-0.37307150449518034
2017-03-24,-0.3737744946617568
2017-03-27,-0.3744435877520594
2017-03-28,-0.3750786976272968
2017-03-29,-0.375679741859754
2017-03-30,-0.3762466417446859
2017-03-31,-0.37677932231179306
2017-04-03,-0.377277712336279
2017-04-04,-0.37774174434948804
2017-04-05,-0.3781713546491213
2017-04-06,-0.37856648330903014
2017-04-07,-0.37892707418858584
2017-04-10,-0.3792530749416231
2017-04-11,-0.37954443702495805
2017-04-12,-0.379801115706478
2017-04-13,-0.3800230700728023
2017-04-14,-0.38021026303651323
2017-04-17,-0.38036266134295654
2017-04-18,-0.38048023557660915
2017-04-19,-0.38056296016701424
2017-04-20,-0.38061081339428365
2017-04-21,-0.38062377739416375
2017-04-24,-0.3806018381626674
2017-04-25,-0.38054498556026944
2017-04-26,-0.38045321331566523
2017-04-27,-0.3803265190290918
2017-04-28,-0.38016490417521054
2017-05-01,-0.3799683741055526
2017-05-02,-0.3797369380505238
2017-05-03,-0.3794706091209706
2017-05-04,-0.37916940430930635
2017-05-05,-0.37883334449019745
2017-05-08,-0.378462454420808
2017-05-09,-0.3780567627406051
2017-05-10,-0.37761630197072216
2017-05-11,-0.3771411085128814
2017-05-12,-0.3766312226478757
2017-05-15,-0.376086688533608
2017-05-16,-0.3755075542026911
2017-05-17,-0.37489387155960496
2017-05-18,-0.3742456963774136
2017-05-19,-0.3735630882940412
2017-05-22,-0.37284611080810737
2017-05-23,-0.3720948312743215
2017-05-24,-0.37130932089843866
2017-05-25,-0.3704896547317734
2017-05-26,-0.3696359116652766
2017-05-29,-0.3687481744231714
2017-05-30,-0.36782652955615286
2017-05-31,-0.3668710674341478
2017-06-01,-0.3658818822386391
2017-06-02,-0.36485907195455264
2017-06-05,-0.36380273836170873
2017-06-06,-0.3627129870258382
2017-06-07,-0.36158992728916495
2017-06-08,-0.36043367226055467
2017-06-09,-0.35924433880523093
2017-06-12,-0.35802204753406036
2017-06-13,-0.3567669227924068
2017-06-14,-0.3554790926485565
2017-06-15,-0.3541586888817148
2017-06-16,-0.3528058469695758
2017-06-19,-0.3514207060754655
2017-06-20,-0.3500034090350613
2017-06-21,-0.34855410234268736
2017-06-22,-0.34707293613718804
2017-06-23,-0.3455600641873807
2017-06-26,-0.3440156438770899
2017-06-27,-0.342439836189763
2017-06-28,-0.34083280569267
2017-06-29,-0.33919472052068905
2017-06-30,-0.33752575235967947
2017-07-03,-0.33582607642944184
2017-07-04,-0.3340958714662707
2017-07-05,-0.3323353197050979
2017-07-06,-0.33054460686123144
2017-07-07,-0.3287239221116894
2017-07-10,-0.32687345807613166
2017-07-11,-0.3249934107973926
2017-07-12,-0.32308397972161407
2017-07-13,-0.3211453676779844
2017-07-14,-0.3191777808580814
2017-07-17,-0.31718142879482525
2017-07-18,-0.3151565243410402
2017-07-19,-0.31310328364763096
2017-07-20,-0.3110219261413719
2017-07-21,-0.3089126745023152
2017-07-24,-0.3067757546408175
2017-07-25,-0.3046113956741897
2017-07-26,-0.3024198299029702
2017-07-27,-0.3002012927868256
2017-07-28,-0.2979560229200819
2017-07-31,-0.2956842620068861
2017-08-01,-0.2933862548360043
2017-08-02,-0.2910622492552558
2017-08-03,-0.2887124961455896
2017-08-04,-0.2863372493948006
2017-08-07,-0.28393676587089495
2017-08-08,-0.2815113053951019
2017-08-09,-0.27906113071453786
2017-08-10,-0.27658650747452485
2017-08-11,-0.27408770419056605
2017-08-14,-0.2715649922199825
2017-08-15,-0.26901864573321227
2017-08-16,-0.2664489416847769
2017-08-17,-0.26385615978391697
2017-08-18,-0.26124058246490117
2017-08-21,-0.2586024948570104
2017-08-22,-0.2559421847542022
2017-08-23,-0.25325994258445655
2017-08-24,-0.2505560613788087
2017-08-25,-0.24783083674006998
2017-08-28,-0.24508456681124255
2017-08-29,-0.24231755224362866
2017-08-30,-0.23953009616464035
2017-08-31,-0.23672250414531182
2017-09-01,-0.2338950841675184
2017-09-04,-0.23104814659090472
2017-09-05,-0.228182004119528
2017-09-06,-0.22529697176821706
2017-09-07,-0.2223933668286534
2017-09-08,-0.21947150883517594
2017-09-11,-0.2165317195303149
2017-09-12,-0.21357432283005703
2017-09-13,-0.21059964478884785
2017-09-14,-0.20760801356433167
2017-09-15,-0.20459975938183733
2017-09-18,-0.2015752144986098
2017-09-19,-0.19853471316779406
2017-09-20,-0.19547859160217357
2017-09-21,-0.19240718793766856
2017-09-22,-0.18932084219659737
2017-09-25,-0.18621989625070517
2017-09-26,-0.18310469378396352
2017-09-27,-0.1799755802551462
2017-09-28,-0.17683290286018424
2017-09-29,-0.17367701049430417
2017-10-02,-0.17050825371395464
2017-10-03,-0.16732698469852528
2017-10-04,-0.16413355721186107
2017-10-05,-0.16092832656357772
2017-10-06,-0.15771164957018163
2017-10-09,-0.1544838845159991
2017-10-10,-0.15124539111391835
2017-10-11,-0.1479965304659501
2017-10-12,-0.14473766502360877
2017-10-13,-0.14146915854812195
2017-10-16,-0.13819137607046897
2017-10-17,-0.13490468385125579
2017-10-18,-0.1316094493404285
2017-10-19,-0.12830604113683242
2017-10-20,-0.12499482894761801
2017-10-23,-0.12167618354750176
2017-10-24,-0.11835047673788249
2017-10-25,-0.11501808130582201
2017-10-26,-0.11167937098289064
2017-10-27,-0.10833472040388542
2017-10-30,-0.10498450506542265
2017-10-31,-0.10162910128441208
2017-11-01,-0.09826888615641556
2017-11-02,-0.09490423751389551
2017-11-03,-0.09153553388435735
2017-11-06,-0.08816315444839155
2017-11-07,-0.08478747899761815
2017-11-08,-0.08140888789254139
2017-11-09,-0.07802776202031471
2017-11-10,-0.07464448275242637
2017-11-13,-0.07125943190230509
2017-11-14,-0.06787299168285413
2017-11-15,-0.06448554466391658
2017-11-16,-0.06109747372967786
2017-11-17,-0.05770916203600872
2017-11-20,-0.0543209929677554
2017-11-21,-0.050933350095979525
2017-11-22,-0.04754661713515456
2017-11-23,-0.04416117790032233
2017-11-24,-0.04077741626421503
2017-11-27,-0.03739571611434617
2017-11-28,-0.0340164613100784
2017-11-29,-0.030640035639668915
2017-11-30,-0.02726682277730018
2017-12-01,-0.023897206240100315
2017-12-04,-0.02053156934515665
2017-12-05,-0.017170295166528644
2017-12-06,-0.013813766492264581
2017-12-07,-0.010462365781426107
2017-12-08,-0.007116475121127474
2017-12-11,-0.0037764761835911444
2017-12-12,-0.00044275018322797235
2017-12-13,0.0028843221662559967
2017-12-14,0.006204360694719345
2017-12-15,0.009516985818408284
2017-12-18,0.012821818582736406
2017-12-19,0.016118480705019138
2017-12-20,0.019406594617154212
2017-12-21,0.02268578350824737
2017-12-22,0.025955671367175095
2017-12-25,0.029215883025082413
2017-12-26,0.03246604419780853
2017-12-27,0.035705781528237564
2017-12-28,0.03893472262856767
2017-12-29,0.04215249612249624
2018-01-01,0.04535873168731305
2018-01-02,0.04855306009590085
2018-01-03,0.05173511325863382
2018-01-04,0.054904524265174164
2018-01-05,0.058060927426157566
2018-01-08,0.061203958314766195
2018-01-09,0.06433325380818274
2018-01-10,0.06744845212892114
2018-01-11,0.07054919288602966
2018-01-12,0.07363511711616176
2018-01-15,0.07670586732450896
2018-01-16,0.07976108752559302
2018-01-17,0.08280042328391068
2018-01-18,0.08582352175442803
2018-01-19,0.08883003172291869
2018-01-22,0.09181960364614308
2018-01-23,0.09479188969186064
2018-01-24,0.09774654377867507
2018-01-25,0.10068322161570485
2018-01-26,0.10360158074207458
2018-01-29,0.10650128056622485
2018-01-30,0.10938198240503431
2018-01-31,0.11224334952274956
2018-02-01,0.1150850471697196
2018-02-02,0.11790674262092876
2018-02-05,0.12070810521432578
2018-02-06,0.12348880638894286
2018-02-07,0.1262485197228008
2018-02-08,0.12898692097059686
2018-02-09,0.1317036881011696
2018-02-12,0.13439850133473738
2018-02-13,0.13707104317990648
2018-02-14,0.1397209984704431
2018-02-15,0.14234805440180712
2018-02-16,0.1449519005674417
2018-02-19,0.14753222899481555
2018-02-20,0.1500887341812135
2018-02-21,0.15262111312927124
2018-02-22,0.15512906538224938
2018-02-23,0.15761229305904548
2018-02-26,0.16007050088893532
2018-02-27,0.1625033962460447
2018-02-28,0.16491068918354376
2018-03-01,0.1672920924675626
2018-03-02,0.16964732161082183
2018-03-05,0.1719760949059765
2018-03-06,0.17427813345866833
2018-03-07,0.17655316122028247
2018-03-08,0.17880090502040472
2018-03-09,0.1810210945989778
2018-03-12,0.18321346263814847
2018-03-13,0.1853777447938069
2018-03-14,0.18751367972681032
2018-03-15,0.18962100913389074
2018-03-16,0.19169947777824015
2018-03-19,0.19374883351977296
2018-03-20,0.1957688273450582
2018-03-21,0.19775921339692223
2018-03-22,0.1997197490037156
2018-03-23,0.20165019470824075
2018-03-26,0.20355031429633905
2018-03-27,0.2054198748251333
2018-03-28,0.20725864665091961
2018-03-29,0.20906640345671057
2018-03-30,0.21084292227942064
2018-04-02,0.21258798353669628
2018-04-03,0.21430137105338312
2018-04-04,0.21598287208762962
2018-04-05,0.21763227735662366
2018-04-06,0.21924938106195782
2018-04-09,0.2208339809146228
2018-04-10,0.22238587815962368
2018-04-11,0.2239048776002173
2018-04-12,0.22539078762176776
2018-04-13,0.22684342021521714
2018-04-16,0.2282625910001688
2018-04-17,0.22964811924758025
2018-04-18,0.23099982790206303
2018-04-19,0.23231754360378729
2018-04-20,0.2336010967099884
2018-04-23,0.2348503213160713
2018-04-24,0.23606505527631438
2018-04-25,0.23724514022416454
2018-04-26,0.23839042159212712
2018-04-27,0.2395007486312423
2018-04-30,0.24057597443015163
2018-05-01,0.24161595593374707
2018-05-02,0.24262055396140425
2018-05-03,0.2435896332247947
2018-05-04,0.24452306234527846
2018-05-07,0.24542071387087036
2018-05-08,0.24628246429278294
2018-05-09,0.2471081940615391
2018-05-10,0.24789778760265696
2018-05-11,0.2486511333319015
2018-05-14,0.2493681236701039
2018-05-15,0.25004865505754387
2018-05-16,0.25069262796789593
2018-05-17,0.2512999469217371
2018-05-18,0.25187052049961245
2018-05-21,0.252404261354659
2018-05-22,0.2529010862247875
2018-05-23,0.25336091594441634
2018-05-24,0.2537836754557602
2018-05-25,0.2541692938196692
2018-05-28,0.2545177042260205
2018-05-29,0.2548288440036567
2018-05-30,0.25510265462987325
2018-05-31,0.25533908173945175
2018-06-01,0.25553807513323973
2018-06-04,0.2556995887862724
2018-06-05,0.25582358085544044
2018-06-06,0.2559100136866972
2018-06-07,0.2559588538218088
2018-06-08,0.25597007200464317
2018-06-11,0.25594364318699997
2018-06-12,0.25587954653397693
2018-06-13,0.2557777654288761
2018-06-14,0.25563828747764444
2018-06-15,0.25546110451285414
2018-06-18,0.25524621259721486
2018-06-19,0.25499361202662396
2018-06-20,0.25470330733275004
2018-06-21,0.254375307285151
2018-06-22,0.2540096248929249
2018-06-25,0.2536062774058958
2018-06-26,0.2531652863153312
2018-06-27,0.25268667735419276
2018-06-28,0.2521704804969196
2018-06-29,0.2516167299587439
2018-07-02,0.251025464194539
2018-07-03,0.2503967258971996
2018-07-04,0.24973056199555363
2018-07-05,0.2490270236518078
2018-07-06,0.2482861662585237
2018-07-09,0.2475080494351284
2018-07-10,0.2466927370239561
2018-07-11,0.24584029708582353
2018-07-12,0.2449508018951393
2018-07-13,0.2440243279345454
2018-07-16,0.24306095588909402
2018-07-17,0.2420607706399588
2018-07-18,0.24102386125768047
2018-07-19,0.239950320994949
2018-07-20,0.23884024727892086
2018-07-23,0.2376937417030751
2018-07-24,0.2365109100186048
2018-07-25,0.23529186212534878
2018-07-26,0.2340367120622615
2018-07-27,0.23274557799742387
2018-07-30,0.2314185822175943
2018-07-31,0.23005585111730284
2018-08-01,0.22865751518748728
2018-08-02,0.22722370900367417
2018-08-03,0.2257545712137052
2018-08-06,0.2242502445250092
2018-08-07,0.22271087569142312
2018-08-08,0.22113661549956126
2018-08-09,0.21952761875473434
2018-08-10,0.21788404426642213
2018-08-13,0.21620605483329666
2018-08-14,0.21449381722780256
2018-08-15,0.212747502180292
2018-08-16,0.21096728436271814
2018-08-17,0.2091533423718877
2018-08-20,0.20730585871227478
2018-08-21,0.20542501977839744
2018-08-22,0.20351101583675865
2018-08-23,0.20156404100735456
2018-08-24,0.19958429324474997
2018-08-27,0.1975719743187248
2018-08-28,0.1955272897944927
2018-08-29,0.1934504490124935
2018-08-30,0.19134166506776268
2018-08-31,0.18920115478887856
2018-09-03,0.18702913871649102
2018-09-04,0.1848258410814317
2018-09-05,0.182591489782411
2018-09-06,0.18032631636330115
2018-09-07,0.17803055599000947
2018-09-10,0.17570444742694385
2018-09-11,0.1733482330130731
2018-09-12,0.1709621586375837
2018-09-13,0.16854647371513698
2018-09-14,0.16610143116072776
2018-09-17,0.16362728736414844
2018-09-18,0.16112430216406062
2018-09-19,0.15859273882167618
2018-09-20,0.15603286399405222
2018-09-21,0.1534449477070015
2018-09-24,0.15082926332762125
2018-09-25,0.14818608753644413
2018-09-26,0.14551570029921287
2018-09-27,0.14281838483828288
2018-09-28,0.14009442760365542
2018-10-01,0.13734411824364368
2018-10-02,0.13456774957517606
2018-10-03,0.13176561755373895
2018-10-04,0.1289380212429623
2018-10-05,0.12608526278385188
2018-10-08,0.12320764736367001
2018-10-09,0.12030548318446997
2018-10-10,0.11737908143128635
2018-10-11,0.11442875623998378
2018-10-12,0.11145482466476993
2018-10-15,0.10845760664537382
2018-10-16,0.10543742497389459
2018-10-17,0.10239460526132296
2018-10-18,0.09932947590374011
2018-10-19,0.0962423680481968
2018-10-22,0.0931336155582771
2018-10-23,0.09000355497934874
2018-10-24,0.08685252550350661
2018-10-25,0.08368086893421028
2018-10-26,0.08048892965062128
2018-10-29,0.07727705457164286
2018-10-30,0.07404559311966673
2018-10-31,0.0707948971840302
2018-11-01,0.06752532108418825
2018-11-02,0.06423722153260344
2018-11-05,0.06093095759735894
2018-11-06,0.05760689066449752
2018-11-07,0.0542653844000913
2018-11-08,0.050906804712046075
2018-11-09,0.04753151971164441
2018-11-12,0.04413989967483103
2018-11-13,0.04073231700324643
2018-11-14,0.03730914618500975
2018-11-15,0.03387076375525927
2018-11-16,0.030417548256450648
2018-11-19,0.026949880198420404
2018-11-20,0.023468142018216696
2018-11-21,0.019972718039703557
2018-11-22,0.01646399443294118
2018-11-23,0.012942359173348378
2018-11-26,0.009408202000649672
2018-11-27,0.005861914377613732
2018-11-28,0.002303889448585593
2018-11-29,-0.0012654780021817392
2018-11-30,-0.0048457915923923
2018-12-03,-0.008436653383763608
2018-12-04,-0.012037663924271233
2018-12-05,-0.015648422290574976
2018-12-06,-0.019268526130624856
2018-12-07,-0.02289757170643856
2018-12-10,-0.026535153937049975
2018-12-11,-0.030180866441620425
2018-12-12,-0.03383430158271056
2018-12-13,-0.037495050509705995
2018-12-14,-0.04116270320239476
2018-12-17,-0.0448368485146884
2018-12-18,-0.0485170742184856
2018-12-19,-0.05220296704767039
2018-12-20,-0.05589411274224244
2018-12-21,-0.059590096092573
2018-12-24,-0.06329050098378365
2018-12-25,-0.06699491044024007
2018-12-26,-0.07070290667016
2018-12-27,-0.07441407111032575
2018-12-28,-0.07812798447090147
2018-12-31,-0.08184422678034567
2019-01-01,-0.08556237743041785
2019-01-02,-0.08928201522127167
2019-01-03,-0.09300271840663128
2019-01-04,-0.09672406473904518
2019-01-07,-0.10044563151521321
2019-01-08,-0.10416699562138104
2019-01-09,-0.1078877335787983
2019-01-10,-0.11160742158923356
2019-01-11,-0.11532563558054378
2019-01-14,-0.11904195125229056
2019-01-15,-0.12275594412140042
2019-01-16,-0.12646718956786246
2019-01-17,-0.1301752628804601
2019-01-18,-0.1338797393025296
2019-01-21,-0.13758019407774347
2019-01-22,-0.1412762024959103
2019-01-23,-0.14496733993878913
2019-01-24,-0.14865318192591093
2019-01-25,-0.15233330416040436
2019-01-28,-0.1560072825748183
2019-01-29,-0.1596746933769389
2019-01-30,-0.16333511309559345
2019-01-31,-0.16698811862643906
2019-02-01,-0.17063328727772728
2019-02-04,-0.17427019681604386
2019-02-05,-0.17789842551201535
2019-02-06,-0.18151755218597973
2019-02-07,-0.18512715625361384
2019-02-08,-0.18872681777151584
2019-02-11,-0.19231611748273358
2019-02-12,-0.19589463686223835
2019-02-13,-0.19946195816233506
2019-02-14,-0.20301766445800665
2019-02-15,-0.20656133969218585
2019-02-18,-0.21009256872095172
2019-02-19,-0.2136109373586423
2019-02-20,-0.21711603242288302
2019-02-21,-0.2206074417795214
2019-02-22,-0.22408475438746722
2019-02-25,-0.2275475603434294
2019-02-26,-0.2309954509265481
2019-02-27,-0.2344280186429149
2019-02-28,-0.2378448572699768
2019-03-01,-0.2412455619008197
2019-03-04,-0.2446297289883255
2019-03-05,-0.247996956389199
2019-03-06,-0.2513468434078593
2019-03-07,-0.2546789908401903
2019-03-08,-0.2579930010171469
2019-03-11,-0.2612884778482101
2019-03-12,-0.26456502686468897
2019-03-13,-0.2678222552628619
2019-03-14,-0.2710597719469542
2019-03-15,-0.2742771875719461
2019-03-18,-0.27747411458620863
2019-03-19,-0.28065016727395925
2019-03-20,-0.283804961797536
2019-03-21,-0.2869381162394832
2019-03-22,-0.2900492506444453
2019-03-25,-0.29313798706086336
2019-03-26,-0.29620394958247065
2019-03-27,-0.2992467643895813
2019-03-28,-0.3022660597901702
2019-03-29,-0.30526146626073475
2019-04-01,-0.30823261648694045
2019-04-02,-0.3111791454040394
2019-04-03,-0.3141006902370627
2019-04-04,-0.3169968905407774
2019-04-05,-0.31986738823940886
2019-04-08,-0.3227118276661182
2019-04-09,-0.32552985560223685
2019-04-10,-0.3283211213162481
2019-04-11,-0.3310852766025149
2019-04-12,-0.33382197581974893
2019-04-15,-0.33653087592921627
2019-04-16,-0.3392116365326742
2019-04-17,-0.34186391991003895
2019-04-18,-0.34448739105677517
2019-04-19,-0.3470817177210067
2019-04-22,-0.34964657044034275
2019-04-23,-0.3521816225784164
2019-04-24,-0.3546865503611307
2019-04-25,-0.35716103291260815
2019-04-26,-0.3596047522908403
2019-04-29,-0.36201739352303414
2019-04-30,-0.3643986446406484
2019-05-01,-0.3667481967141208
2019-05-02,-0.3690657438872762
2019-05-03,-0.37135098341141815
2019-05-06,-0.3736036156790953
2019-05-07,-0.37582334425754194
2019-05-08,-0.37800987592178636
2019-05-09,-0.38016292068742646
2019-05-10,-0.3822821918430654
2019-05-13,-0.3843674059824076
2019-05-14,-0.38641828303600745
2019-05-15,-0.3884345463026713
2019-05-16,-0.39041592248050516
2019-05-17,-0.39236214169760886
2019-05-20,-0.3942729375424087
2019-05-21,-0.3961480470936302
2019-05-22,-0.3979872109499026
2019-05-23,-0.39979017325899646
2019-05-24,-0.4015566817466873
2019-05-27,-0.4032864877452444
2019-05-28,-0.40497934622154086
2019-05-29,-0.406635015804782
2019-05-30,-0.40825325881384766
2019-05-31,-0.40983384128424893
2019-06-03,-0.4113765329946904
2019-06-04,-0.41288110749324286
2019-06-05,-0.41434734212311425
2019-06-06,-0.4157750180480258
2019-06-07,-0.41716392027718086
2019-06-10,-0.4185138376898328
2019-06-11,-0.419824563059441
2019-06-12,-0.42109589307741896
2019-06-13,-0.4223276283764674
2019-06-14,-0.4235195735534914
2019-06-17,-0.42467153719209944
2019-06-18,-0.4257833318846811
2019-06-19,-0.42685477425406115
2019-06-20,-0.4278856849747275
2019-06-21,-0.42887588879363037
2019-06-24,-0.429825214550552
2019-06-25,-0.4307334951980416
2019-06-26,-0.43160056782091666
2019-06-27,-0.4324262736553253
2019-06-28,-0.4332104581073704
2019-07-01,-0.4339529707712904
2019-07-02,-0.4346536654471986
2019-07-03,-0.43531240015837414
2019-07-04,-0.4359290371681075
2019-07-05,-0.4365034429960944
2019-07-08,-0.4370354884343805
2019-07-09,-0.4375250485628504
2019-07-10,-0.43797200276426357
2019-07-11,-0.4383762347388323
2019-07-12,-0.43873763251834236
2019-07-15,-0.4390560884798123
2019-07-16,-0.43933149935869253
2019-07-17,-0.4395637662616005
2019-07-18,-0.4397527946785921
2019-07-19,-0.439898494494966
2019-07-22,-0.44000078000260207
2019-07-23,-0.44005956991083056
2019-07-24,-0.4400747873568313
2019-07-25,-0.440046359915562
2019-07-26,-0.43997421960921546
2019-07-29,-0.439858302916201
2019-07-30,-0.43969855077965486
2019-07-31,-0.43949490861547286
2019-08-01,-0.4392473263198669
2019-08-02,-0.4389557582764466
2019-08-05,-0.43862016336282056
2019-08-06,-0.438240504956719
2019-08-07,-0.4378167509416397
2019-08-08,-0.4373488737120097
2019-08-09,-0.4368368501778699
2019-08-12,-0.4362806617690754
2019-08-13,-0.43568029443901624
2019-08-14,-0.43503573866785455
2019-08-15,-0.4343469894652793
2019-08-16,-0.4336140463727772
2019-08-19,-0.43283691346542197
2019-08-20,-0.43201559935317796
2019-08-21,-0.43115011718172097
2019-08-22,-0.43024048463277464
2019-08-23,-0.4292867239239628
2019-08-26,-0.4282888618081777
2019-08-27,-0.42724692957246435
2019-08-28,-0.42616096303641915
2019-08-29,-0.4250310025501075
2019-08-30,-0.42385709299149404
2019-09-02,-0.4226392837633924
2019-09-03,-0.4213776287899289
2019-09-04,-0.42007218651252626
2019-09-05,-0.41872301988540067
2019-09-06,-0.4173301963705813
2019-09-09,-0.41589378793244336
2019-09-10,-0.41441387103176386
2019-09-11,-0.4128905266192944
2019-09-12,-0.4113238401288551
2019-09-13,-0.40971390146994846
2019-09-16,-0.4080608050198952
2019-09-17,-0.40636464961549285
2019-09-18,-0.40462553854419564
2019-09-19,-0.40284357953482053
2019-09-20,-0.4010188847477775
2019-09-23,-0.3991515707648244
2019-09-24,-0.39724175857835153
2019-09-25,-0.3952895735801917
2019-09-26,-0.39329514554996153
2019-09-27,-0.3912586086429318
2019-09-30,-0.38918010137743136
2019-10-01,-0.38705976662178204
2019-10-02,-0.3848977515807695
2019-10-03,-0.38269420778164975
2019-10-04,-0.3804492910596926
2019-10-07,-0.3781631615432642
2019-10-08,-0.37583598363845017
2019-10-09,-0.3734679260132205
2019-10-10,-0.3710591615811389
2019-10-11,-0.3686098674846161
2019-10-14,-0.36612022507771236
2019-10-15,-0.3635904199084876
2019-10-16,-0.36102064170090287
2019-10-17,-0.35841108433627483
2019-10-18,-0.3557619458342847
2019-10-21,-0.35307342833354444
2019-10-22,-0.35034573807172154
2019-10-23,-0.347579085365225
2019-10-24,-0.34477368458845425
2019-10-25,-0.34192975415261334
2019-10-28,-0.3390475164840936
2019-10-29,-0.33612719800242497
2019-10-30,-0.3331690290978007
2019-10-31,-0.3301732441081762
2019-11-01,-0.32714008129594524
2019-11-04,-0.32406978282419524
2019-11-05,-0.32096259473254557
2019-11-06,-0.31781876691257005
2019-11-07,-0.31463855308280697
2019-11-08,-0.311422210763359
2019-11-11,-0.30817000125008615
2019-11-12,-0.30488218958839397
2019-11-13,-0.3015590445466201
2019-11-14,-0.29820083858902224
2019-11-15,-0.2948078478483702
2019-11-18,-0.2913803520981442
2019-11-19,-0.2879186347243451
2019-11-20,-0.28442298269691463
2019-11-21,-0.28089368654077446
2019-11-22,-0.2773310403064836
2019-11-25,-0.2737353415405172
2019-11-26,-0.2701068912551722
2019-11-27,-0.2664459938981008
2019-11-28,-0.2627529573214768
2019-11-29,-0.2590280927507967
2019-12-02,-0.25527171475331917
2019-12-03,-0.2514841412061482
2019-12-04,-0.2476656932639594
2019-12-05,-0.24381669532637756
2019-12-06,-0.23993747500500515
2019-12-09,-0.2360283630901079
2019-12-10,-0.2320896935169592
2019-12-11,-0.22812180333184856
2019-12-12,-0.22412503265775582
2019-12-13,-0.22009972465969804
2019-12-16,-0.21604622550974775
2019-12-17,-0.21196488435173239
2019-12-18,-0.20785605326561338
2019-12-19,-0.20372008723155227
2019-12-20,-0.19955734409366566
2019-12-23,-0.19536818452347446
2019-12-24,-0.19115297198304962
2019-12-25,-0.1869120726878602
2019-12-26,-0.1826458555693266
2019-12-27,-0.17835469223708278
2019-12-30,-0.17403895694095253
2019-12-31,-0.16969902653264352
2020-01-01,-0.16533528042716233
2020-01-02,-0.1609481005639564
2020-01-03,-0.1565378713677853
2020-01-06,-0.15210497970932663
2020-01-07,-0.14764981486552056
2020-01-08,-0.14317276847965724
2020-01-09,-0.138674234521211
2020-01-10,-0.13415460924542677
2020-01-13,-0.1296142911526614
2020-01-14,-0.12505368094748615
2020-01-15,-0.12047318149755315
2020-01-16,-0.11587319779223133
2020-01-17,-0.11125413690101567
2020-01-20,-0.1066164079317145
2020-01-21,-0.10196042198841984
2020-01-22,-0.09728659212926381
2020-01-23,-0.09259533332396752
2020-01-24,-0.08788706241118618
2020-01-27,-0.0831621980556546
2020-01-28,-0.07842116070513802
2020-01-29,-0.07366437254719377
2020-01-30,-0.06889225746574722
2020-01-31,-0.06410524099748675
2020-02-03,-0.05930375028808388
2020-02-04,-0.05448821404824137
2020-02-05,-0.04965906250957553
2020-02-06,-0.044816727380336374
2020-02-07,-0.039961641800971344
2020-02-10,-0.03509424029953711
2020-02-11,-0.030214958746963595
2020-02-12,-0.025324234312176074
2020-02-13,-0.020422505417079198
2020-02-14,-0.015510211691409285
2020-02-17,-0.010587793927457501
2020-02-18,-0.005655694034671209
2020-02-19,-0.0007143549941364388
2020-02-20,0.00423577918705219
2020-02-21,0.009194263521529954
2020-02-24,0.014160652087503979
2020-02-25,0.01913449807469322
2020-02-26,0.02411535383036166
2020-02-27,0.02910277090544117
2020-02-28,0.03409630010073535
2020-03-02,0.03909549151320446
2020-03-03,0.044099894582321886
2020-03-04,0.049109058136500426
2020-03-05,0.05412253043958057
2020-03-06,0.05913985923737848
2020-03-09,0.06416059180428708
2020-03-10,0.06918427498992427
2020-03-11,0.07421045526582687
2020-03-12,0.07923867877218045
2020-03-13,0.08426849136458374
2020-03-16,0.08929943866084167
2020-03-17,0.09433106608777944
2020-03-18,0.09936291892807775
2020-03-19,0.10439454236711855
2020-03-20,0.10942548153984008
2020-03-23,0.11445528157759437
2020-03-24,0.11948348765500308
2020-03-25,0.12450964503680607
2020-03-26,0.1295332991246976
2020-03-27,0.13455399550414487
2020-03-30,0.1395712799911859
2020-03-31,0.1445846986791979
2020-04-01,0.1495937979856352
2020-04-02,0.1545981246987282
2020-04-03,0.15959722602414148
2020-04-06,0.16459064963158268
2020-04-07,0.16957794370136076
2020-04-08,0.1745586569708848
2020-04-09,0.17953233878110245
2020-04-10,0.18449853912286893
2020-04-13,0.1894568086832446
2020-04-14,0.19440669889171497
2020-04-15,0.19934776196632775
2020-04-16,0.20427955095974318
2020-04-17,0.2092016198051914
2020-04-20,0.2141135233623327
2020-04-21,0.21901481746301574
2020-04-22,0.22390505895692783
2020-04-23,0.22878380575713458
2020-04-24,0.23365061688550037
2020-04-27,0.23850505251798929
2020-04-28,0.24334667402983753
2020-04-29,0.24817504404059565
2020-04-30,0.25298972645903217
2020-05-01,0.25779028652789926
2020-05-04,0.26257629086854867
2020-05-05,0.2673473075253994
2020-05-06,0.27210290601024867
2020-05-07,0.2768426573464228
2020-05-08,0.28156613411276205
2020-05-11,0.28627291048743736
2020-05-12,0.29096256229159023
2020-05-13,0.2956346670327956
2020-05-14,0.30028880394833884
2020-05-15,0.3049245540483056
2020-05-18,0.3095415001584776
2020-05-19,0.31413922696303076
2020-05-20,0.3187173210470315
2020-05-21,0.3232753709387253
2020-05-22,0.32781296715161407
2020-05-25,0.33232970222631797
2020-05-26,0.33682517077221624
2020-05-27,0.3412989695088633
2020-05-28,0.34575069730717506
2020-05-29,0.3501799552303825
2020-06-01,0.35458634657474547
2020-06-02,0.3589694769100264
2020-06-03,0.3633289541197139
2020-06-04,0.3676643884409984
2020-06-05,0.3719753925044901
2020-06-08,0.37626158137367854
2020-06-09,0.3805225725841275
2020-06-10,0.38475798618240215
2020-06-11,0.3889674447647245
2020-06-12,0.3931505735153511
2020-06-15,0.39730700024467164
2020-06-16,0.4014363554270223
2020-06-17,0.4055382722382107
2020-06-18,0.4096123865927486
2020-06-19,0.41365833718078693
2020-06-22,0.41767576550475216
2020-06-23,0.42166431591567677
2020-06-24,0.42562363564922195
2020-06-25,0.42955337486138845
2020-06-26,0.43345318666391147
2020-06-29,0.4373227271593351
2020-06-30,0.44116165547576497
2020-07-01,0.4449696338012925
2020-07-02,0.44874632741808873
2020-07-03,0.45249140473616384
2020-07-06,0.45620453732678934
2020-07-07,0.4598853999555773
2020-07-08,0.46353367061521644
2020-07-09,0.4671490305578581
2020-07-10,0.4707311643271519
2020-07-13,0.47427975978992365
2020-07-14,0.47779450816749836
2020-07-15,0.481275104066657
2020-07-16,0.48472124551023205
2020-07-17,0.48813263396733103
2020-07-20,0.49150897438319135
2020-07-21,0.4948499752086582
2020-07-22,0.49815534842928605
2020-07-23,0.5014248095940577
2020-07-24,0.5046580778437207
2020-07-27,0.5078548759387358
2020-07-28,0.5110149302868365
2020-07-29,0.5141379709701941
2020-07-30,0.5172237317721888
2020-07-31,0.5202719502037811
2020-08-03,0.5232823675294832
2020-08-04,0.5262547287929245
2020-08-05,0.5291887828420124
2020-08-06,0.5320842823536829
2020-08-07,0.534940983858239
2020-08-10,0.5377586477632751
2020-08-11,0.5405370383771849
2020-08-12,0.5432759239322495
2020-08-13,0.5459750766073028
2020-08-14,0.5486342725499748
2020-08-17,0.5512532918985066
2020-08-18,0.5538319188031383
2020-08-19,0.5563699414470642
2020-08-20,0.5588671520669565
2020-08-21,0.5613233469730531
2020-08-24,0.5637383265688081
2020-08-25,0.5661118953701029
2020-08-26,0.5684438620240171
2020-08-27,0.5707340393271543
2020-08-28,0.5729822442435244
2020-08-31,0.575188297921979
2020-09-01,0.5773520257131965
2020-09-02,0.579473257186219
2020-09-03,0.581551826144535
2020-09-04,0.5835875706417109
2020-09-07,0.5855803329965634
2020-09-08,0.5875299598078799
2020-09-09,0.5894363019686767
2020-09-10,0.5912992146799986
2020-09-11,0.5931185574642589
2020-09-14,0.5948941941781143
2020-09-15,0.5966259930248784
2020-09-16,0.5983138265664691
2020-09-17,0.5999575717348903
2020-09-18,0.6015571098432453
2020-09-21,0.6031123265962841
2020-09-22,0.6046231121004791
2020-09-23,0.606089360873632
2020-09-24,0.6075109718540085
2020-09-25,0.6088878484090017
2020-09-28,0.6102198983433221
2020-09-29,0.6115070339067143
2020-09-30,0.6127491718011988
2020-10-01,0.6139462331878391
2020-10-02,0.6150981436930346
2020-10-05,0.6162048334143334
2020-10-06,0.6172662369257733
2020-10-07,0.6182822932827421
2020-10-08,0.6192529460263622
2020-10-09,0.6201781431873962
2020-10-12,0.6210578372896757
2020-10-13,0.6218919853530502
2020-10-14,0.6226805488958588
2020-10-15,0.6234234939369219
2020-10-16,0.6241207909970554
2020-10-19,0.6247724151001054
2020-10-20,0.6253783457735036
2020-10-21,0.6259385670483452
2020-10-22,0.6264530674589878
2020-10-23,0.6269218400421706
2020-10-26,0.6273448823356578
2020-10-27,0.6277221963764024
2020-10-28,0.6280537886982325
2020-10-29,0.6283396703290618
2020-10-30,0.6285798567876218
2020-11-02,0.6287743680797188
2020-11-03,0.6289232286940147
2020-11-04,0.6290264675973339
2020-11-05,0.6290841182294935
2020-11-06,0.6290962184976623
2020-11-09,0.6290628107702454
2020-11-10,0.6289839418702975
2020-11-11,0.6288596630684637
2020-11-12,0.6286900300754515
2020-11-13,0.6284751030340319
2020-11-16,0.6282149465105737
2020-11-17,0.6279096294861094
2020-11-18,0.6275592253469346
2020-11-19,0.6271638118747437
2020-11-20,0.6267234712363006
2020-11-23,0.6262382899726474
2020-11-24,0.6257083589878519
2020-11-25,0.6251337735372945
2020-11-26,0.6245146332154982
2020-11-27,0.6238510419435002
2020-11-30,0.6231431079557682
2020-12-01,0.622390943786664
2020-12-02,0.6215946662564539
2020-12-03,0.6207543964568678
2020-12-04,0.6198702597362109
2020-12-07,0.6189423856840283
2020-12-08,0.6179709081153224
2020-12-09,0.6169559650543293
2020-12-10,0.615897698717851
2020-12-11,0.6147962554981522
2020-12-14,0.6136517859454143
2020-12-15,0.6124644447497576
2020-12-16,0.6112343907228295
2020-12-17,0.6099617867789604
2020-12-18,0.6086467999158912
2020-12-21,0.6072896011950744
2020-12-22,0.6058903657215494
2020-12-23,0.6044492726233974
2020-12-24,0.6029665050307753
2020-12-25,0.6014422500545318
2020-12-28,0.59987669876441
2020-12-29,0.5982700461668371
2020-12-30,0.5966224911823034
2020-12-31,0.594934236622335
2021-01-01,0.593205489166062
2021-01-04,0.5914364593363841
2021-01-05,0.5896273614757376
2021-01-06,0.5877784137214664
2021-01-07,0.5858898379807979
2021-01-08,0.5839618599054305
2021-01-11,0.5819947088657312
2021-01-12,0.5799886179245506
2021-01-13,0.5779438238106527
2021-01-14,0.5758605668917703
2021-01-15,0.5737390911472814
2021-01-18,0.5715796441405135
2021-01-19,0.5693824769906799
2021-01-20,0.5671478443444484
2021-01-21,0.564876004347147
2021-01-22,0.5625672186136114
2021-01-25,0.5602217521986731
2021-01-26,0.557839873567298
2021-01-27,0.5554218545643725
2021-01-28,0.5529679703841444
2021-01-29,0.5504784995393209
2021-02-01,0.5479537238298279
2021-02-02,0.5453939283112315
2021-02-03,0.5427994012628303
2021-02-04,0.5401704341554161
2021-02-05,0.5375073216187124
2021-02-08,0.5348103614084883
2021-02-09,0.5320798543733585
2021-02-10,0.5293161044212666
2021-02-11,0.52651941848566
2021-02-12,0.5236901064913576
2021-02-15,0.5208284813201153
2021-02-16,0.5179348587758937
2021-02-17,0.51500955754983
2021-02-18,0.5120528991849205
2021-02-19,0.5090652080404147
2021-02-22,0.5060468112559283
2021-02-23,0.5029980387152769
2021-02-24,0.49991922301003494
2021-02-25,0.49681069940282424
2021-02-26,0.4936728057903355
2021-03-01,0.490505882666089
2021-03-02,0.48731027308293606
2021-03-03,0.4840863226153064
2021-03-04,0.480834379321206
2021-03-05,0.47755479370397064
2021-03-08,0.4742479186737772
2021-03-09,0.47091410950891754
2021-03-10,0.46755372381684157
2021-03-11,0.46416712149497047
2021-03-12,0.46075466469128745
2021-03-15,0.4573167177647082
2021-03-16,0.4538536472452365
2021-03-17,0.4503658217939103
2021-03-18,0.4468536121625398
2021-03-19,0.44331739115324614
2021-03-22,0.4397575335778011
2021-03-23,0.43617441621677583
2021-03-24,0.4325684177785006
2021-03-25,0.4289399188578415
2021-03-26,0.4252893018947979
2021-03-29,0.42161695113292685
2021-03-30,0.41792325257759616
2021-03-31,0.4142085939540739
2021-04-01,0.410473364665457
2021-04-02,0.40671795575044417
2021-04-05,0.4029427598409584
2021-04-06,0.3991481711196224
2021-04-07,0.3953345852770931
2021-04-08,0.39150239946925913
2021-04-09,0.3876520122743068
2021-04-12,0.38378382364965735
2021-04-13,0.3798982348887837
2021-04-14,0.3759956485779076
2021-04-15,0.3720764685525849
2021-04-16,0.36814109985418286
2021-04-19,0.36418994868625276
2021-04-20,0.3602234223708062
2021-04-21,0.35624192930449516
2021-04-22,0.3522458789147056
2021-04-23,0.3482356816155656
2021-04-26,0.34421174876387495
2021-04-27,0.34017449261496063
2021-04-28,0.3361243262784621
2021-04-29,0.3320616636740536
2021-04-30,0.32798691948710484
2021-05-03,0.3239005091242892
2021-05-04,0.3198028486691402
2021-05-05,0.31569435483756414
2021-05-06,0.31157544493331224
2021-05-07,0.30744653680341827
2021-05-10,0.3033080487936047
2021-05-11,0.29916039970366487
2021-05-12,0.29500400874282423
2021-05-13,0.2908392954850859
2021-05-14,0.2866666798245659
2021-05-17,0.2824865819308226
2021-05-18,0.2782994222041852
2021-05-19,0.274105621231087
2021-05-20,0.2699055997394068
2021-05-21,0.265699778553825
2021-05-24,0.26148857855119784
2021-05-25,0.2572724206159563
2021-05-26,0.2530517255955323
2021-05-27,0.24882691425581968
2021-05-28,0.24459840723667306
2021-05-31,0.24036662500744932
2021-06-01,0.23613198782259817
2021-06-02,0.23189491567730527
2021-06-03,0.22765582826319283
2021-06-04,0.22341514492408393
2021-06-07,0.21917328461183216
2021-06-08,0.21493066584222675
2021-06-09,0.2106877066509719
2021-06-10,0.20644482454974947
2021-06-11,0.20220243648236824
2021-06-14,0.19796095878100495
2021-06-15,0.19372080712254033
2021-06-16,0.18948239648499807
2021-06-17,0.18524614110408763
2021-06-18,0.18101245442985966
2021-06-21,0.1767817490834741
2021-06-22,0.17255443681409094
2021-06-23,0.16833092845588316
2021-06-24,0.16411163388518066
2021-06-25,0.15989696197774741
2021-06-28,0.15568732056619725
2021-06-29,0.1514831163975525
2021-06-30,0.14728475509095149
2021-07-01,0.14309264109550726
2021-07-02,0.13890717764832383
2021-07-05,0.13472876673267406
2021-07-06,0.13055780903634293
2021-07-07,0.1263947039101422
2021-07-08,0.12223984932659937
2021-07-09,0.1180936418388263
2021-07-12,0.11395647653957258
2021-07-13,0.10982874702046541
2021-07-14,0.10571084533144444
2021-07-15,0.1016031619403918
2021-07-16,0.09750608569296516
2021-07-19,0.09342000377263562
2021-07-20,0.08934530166093571
2021-07-21,0.08528236309792257
2021-07-22,0.0812315700428592
2021-07-23,0.07719330263511794
2021-07-26,0.07316793915531301
2021-07-27,0.06915585598666173
2021-07-28,0.06515742757658308
2021-07-29,0.06117302639853501
2021-07-30,0.05720302291409558
2021-08-02,0.05324778553529091
2021-08-03,0.04930768058717648
2021-08-04,0.04538307227067238
2021-08-05,0.04147432262565931
2021-08-06,0.03758179149433795
2021-08-09,0.033705836484855436
2021-08-10,0.02984681293520409
2021-08-11,0.02600507387739422
2021-08-12,0.022180970001906723
2021-08-13,0.018374849622429294
2021-08-16,0.014587058640876626
2021-08-17,0.010817940512704566
2021-08-18,0.007067836212514672
2021-08-19,0.003337084199959114
2021-08-20,-0.0003739796140550552
2021-08-23,-0.004065021900855156
2021-08-24,-0.007735711947185347
2021-08-25,-0.01138572168807611
2021-08-26,-0.015014725739399106
2021-08-27,-0.01862240143010248
2021-08-30,-0.022208428834124824
2021-08-31,-0.02577249080198315
2021-09-01,-0.02931427299203198
2021-09-02,-0.03283346390139047
2021-09-03,-0.03632975489653434
2021-09-06,-0.03980284024354849
2021-09-07,-0.04325241713803887
2021-09-08,-0.04667818573469842
2021-09-09,-0.0500798491765261
2021-09-10,-0.05345711362369417
2021-09-13,-0.05680968828206133
2021-09-14,-0.060137285431329866
2021-09-15,-0.06343962045284166
2021-09-16,-0.0667164118570119
2021-09-17,-0.06996738131039792
2021-09-20,-0.07319225366239802
2021-09-21,-0.07639075697158064
2021-09-22,-0.07956262253163836
2021-09-23,-0.08270758489696657
2021-09-24,-0.08582538190786129
2021-09-27,-0.08891575471533746
2021-09-28,-0.09197844780556028
2021-09-29,-0.09501320902389195
2021-09-30,-0.09801978959854817
2021-10-01,-0.10099794416386222
2021-10-04,-0.10394743078315641
2021-10-05,-0.10686801097121643
2021-10-06,-0.10975944971636707
2021-10-07,-0.11262151550214695
2021-10-08,-0.11545398032858038
2021-10-11,-0.11825661973304448
2021-10-12,-0.12102921281072765
2021-10-13,-0.12377154223468043
2021-10-14,-0.1264833942754539
2021-10-15,-0.1291645588203251
2021-10-18,-0.13181482939210734
2021-10-19,-0.1344340031675437
2021-10-20,-0.13702188099528098
2021-10-21,-0.13957826741342425
2021-10-22,-0.14210297066666772
2021-10-25,-0.14459580272300285
2021-10-26,-0.1470565792899999
2021-10-27,-0.14948511983066343
2021-10-28,-0.15188124757885785
2021-10-29,-0.15424478955430418
2021-11-01,-0.15657557657714402
2021-11-02,-0.15887344328207148
2021-11-03,-0.1611382281320306
2021-11-04,-0.16336977343147718
2021-11-05,-0.1655679253392038
2021-11-08,-0.16773253388072729
2021-11-09,-0.16986345296023664
2021-11-10,-0.17196054037210165
2021-11-11,-0.17402365781193901
2021-11-12,-0.1760526708872384
2021-11-15,-0.17804744912754303
2021-11-16,-0.18000786599418847
2021-11-17,-0.1819337988895956
2021-11-18,-0.18382512916611843
2021-11-19,-0.1856817421344451
2021-11-22,-0.18750352707155368
2021-11-23,-0.18929037722821768
2021-11-24,-0.19104218983606638
2021-11-25,-0.19275886611419485
2021-11-26,-0.1944403112753249
2021-11-29,-0.19608643453151717
2021-11-30,-0.19769714909943342
2021-12-01,-0.19927237220514826
2021-12-02,-0.20081202508850987
2021-12-03,-0.20231603300705123
2021-12-06,-0.20378432523945028
2021-12-07,-0.2052168350885382
2021-12-08,-0.20661349988385774
2021-12-09,-0.20797426098377017
2021-12-10,-0.2092990637771106
2021-12-13,-0.21058785768439378
2021-12-14,-0.21184059615856826
2021-12-15,-0.21305723668531953
2021-12-16,-0.21423774078292426
2021-12-17,-0.21538207400165288
2021-12-20,-0.21649020592272397
2021-12-21,-0.21756211015680804
2021-12-22,-0.21859776434208375
2021-12-23,-0.21959715014184442
2021-12-24,-0.220560253241658
2021-12-27,-0.22148706334607887
2021-12-28,-0.22237757417491336
2021-12-29,-0.22323178345904005
2021-12-30,-0.22404969293578353
2021-12-31,-0.22483130834384532
2022-01-03,-0.22557663941779027
2022-01-04,-0.22628569988209066
2022-01-05,-0.22695850744472895
2022-01-06,-0.22759508379035925
2022-01-07,-0.2281954545730298
2022-01-10,-0.22875964940846644
2022-01-11,-0.22928770186591893
2022-01-12,-0.22977964945957083
2022-01-13,-0.23023553363951496
2022-01-14,-0.23065539978229443
2022-01-17,-0.2310392971810119
2022-01-18,-0.23138727903500741
2022-01-19,-0.23169940243910725
2022-01-20,-0.23197572837244437
2022-01-21,-0.2322163216868522
2022-01-24,-0.23242125109483353
2022-01-25,-0.2325905891571069
2022-01-26,-0.23272441226972967
2022-01-27,-0.2328228006508029
2022-01-28,-0.23288583832675638
2022-01-31,-0.23291361311821923
2022-02-01,-0.2329062166254737
2022-02-02,-0.23286374421349834
2022-02-03,-0.23278629499659956
2022-02-04,-0.23267397182263397
2022-02-07,-0.23252688125682572
2022-02-08,-0.23234513356517755
2022-02-09,-0.23212884269748021
2022-02-10,-0.23187812626992207
2022-02-11,-0.23159310554729942
2022-02-14,-0.23127390542483228
2022-02-15,-0.23092065440958576
2022-02-16,-0.2305334846015008
2022-02-17,-0.23011253167403634
2022-02-18,-0.2296579348544245
2022-02-21,-0.22916983690354245
2022-02-22,-0.22864838409540283
2022-02-23,-0.22809372619626547
2022-02-24,-0.2275060164433728
2022-02-25,-0.2268854115233119
2022-02-28,-0.2262320715500057
2022-03-01,-0.2255461600423362
2022-03-02,-0.2248278439014019
2022-03-03,-0.2240772933874132
2022-03-04,-0.2232946820962282
2022-03-07,-0.222480186935531
2022-03-08,-0.22163398810065732
2022-03-09,-0.22075626905006757
2022-03-10,-0.2198472164804738
2022-03-11,-0.21890702030162046
2022-03-14,-0.21793587361072414
2022-03-15,-0.2169339726665744
2022-03-16,-0.2159015168632988
2022-03-17,-0.2148387087037962
2022-03-18,-0.21374575377284075
2022-03-21,-0.21262286070985925
2022-03-22,-0.21147024118138777
2022-03-23,-0.21028810985320723
2022-03-24,-0.209076684362164
2022-03-25,-0.20783618528767803
2022-03-28,-0.2065668361229423
2022-03-29,-0.20526886324581567
2022-03-30,-0.20394249588941513
2022-03-31,-0.20258796611240817
2022-04-01,-0.20120550876901128
2022-04-04,-0.19979536147869667
2022-04-05,-0.19835776459561139
2022-04-06,-0.1968929611777123
2022-04-07,-0.19540119695562058
2022-04-08,-0.1938827203012005
2022-04-11,-0.19233778219586398
2022-04-12,-0.19076663619860698
2022-04-13,-0.18916953841378042
2022-04-14,-0.18754674745859967
2022-04-15,-0.1858985244303964
2022-04-18,-0.18422513287361653
2022-04-19,-0.182526838746569
2022-04-20,-0.18080391038792853
2022-04-21,-0.1790566184829961
2022-04-22,-0.17728523602972215
2022-04-25,-0.17549003830449572
2022-04-26,-0.17367130282770407
2022-04-27,-0.171829309329066
2022-04-28,-0.16996433971274477
2022-04-29,-0.1680766780222421
2022-05-02,-0.16616661040508032
2022-05-03,-0.16423442507727395
2022-05-04,-0.16228041228759743
2022-05-05,-0.16030486428165178
2022-05-06,-0.15830807526573457
2022-05-09,-0.1562903413705175
2022-05-10,-0.1542519606145367
2022-05-11,-0.1521932328674985
2022-05-12,-0.15011445981340632
2022-05-13,-0.14801594491351242
2022-05-16,-0.14589799336909873
2022-05-17,-0.14376091208409167
2022-05-18,-0.1416050096275147
2022-05-19,-0.13943059619578357
2022-05-20,-0.13723798357484818
2022-05-23,-0.1350274851021857
2022-05-24,-0.13279941562865005
2022-05-25,-0.1305540914801804
2022-05-26,-0.12829183041937556
2022-05-27,-0.1260129516069364
2022-05-30,-0.12371777556298293
2022-05-31,-0.12140662412824899
2022-06-01,-0.11907982042515934
2022-06-02,-0.11673768881879447
2022-06-03,-0.11438055487774755
2022-06-06,-0.11200874533487616
2022-06-07,-0.10962258804795681
2022-06-08,-0.10722241196024353
2022-06-09,-0.104808547060937
2022-06-10,-0.10238132434556851
2022-06-13,-0.09994107577630285
2022-06-14,-0.097488134242165
2022-06-15,-0.09502283351919565
2022-06-16,-0.09254550823053923
2022-06-17,-0.09005649380647054
2022-06-20,-0.08755612644436246
2022-06-21,-0.08504474306860174
2022-06-22,-0.0825226812904557
2022-06-23,-0.07999027936789595
2022-06-24,-0.07744787616538167
2022-06-27,-0.07489581111361014
2022-06-28,-0.07233442416923601
2022-06-29,-0.06976405577456603
2022-06-30,-0.06718504681723353
2022-07-01,-0.06459773858985658
2022-07-04,-0.06200247274968503
2022-07-05,-0.05939959127824119
2022-07-06,-0.05678943644095862
2022-07-07,-0.05417235074682309
2022-07-08,-0.05154867690802223
2022-07-11,-0.048918757799605535
2022-07-12,-0.04628293641916254
2022-07-13,-0.04364155584652114
2022-07-14,-0.04099495920347281
2022-07-15,-0.03834348961352788
2022-07-18,-0.03568749016170565
2022-07-19,-0.03302730385436554
2022-07-20,-0.030363273579081074
2022-07-21,-0.02769574206456389
2022-07-22,-0.02502505184064155
2022-07-25,-0.022351545198292185
2022-07-26,-0.0196755641497439
2022-07-27,-0.01699745038863945
2022-07-28,-0.014317545250274191
2022-07-29,-0.011636189671910328
2022-08-01,-0.00895372415317114
2022-08-02,-0.0062704887165221075
2022-08-03,-0.0035868228678408534
2022-08-04,-0.0009030655570823348
2022-08-05,0.001780444860957515
2022-08-08,0.0044633706657738826
2022-08-09,0.007145374810178441
2022-08-10,0.009826120959211175
2022-08-11,0.012505273528936038
2022-08-12,0.015182497725115192
2022-08-15,0.017857459581757804
2022-08-16,0.02052982599953886
2022-08-17,0.023199264784083014
2022-08-18,0.025865444684110315
2022-08-19,0.028528035429439397
2022-08-22,0.03118670776884163
2022-08-23,0.03384113350774539
2022-08-24,0.036490985545783367
2022-08-25,0.039135937914180324
2022-08-26,0.04177566581297513
2022-08-29,0.044409845648076485
2022-08-30,0.04703815506814337
2022-08-31,0.04966027300129025
2022-09-01,0.052275879691609996
2022-09-02,0.054884656735512315
2022-09-05,0.05748628711787237
2022-09-06,0.060080455247986164
2022-09-07,0.06266684699532829
2022-09-08,0.06524514972510809
2022-09-09,0.06781505233362042
2022-09-12,0.0703762452833872
2022-09-13,0.07292842063808423
2022-09-14,0.07547127209725248
2022-09-15,0.07800449503078641
2022-09-16,0.08052778651319807
2022-09-19,0.08304084535765174
2022-09-20,0.08554337214976603
2022-09-21,0.08803506928117884
2022-09-22,0.09051564098287276
2022-09-23,0.09298479335825532
2022-09-26,0.09544223441599221
2022-09-27,0.09788767410258857
2022-09-28,0.10032082433471533
2022-09-29,0.10274139903127688
2022-09-30,0.10514911414521581
2022-10-03,0.10754368769505276
2022-10-04,0.10992483979615608
2022-10-05,0.11229229269173864
2022-10-06,0.11464577078357904
2022-10-07,0.11698500066246208
2022-10-10,0.11930971113833683
2022-10-11,0.12161963327018814
2022-10-12,0.12391450039561805
2022-10-13,0.12619404816013385
2022-10-14,0.12845801454614153
2022-10-17,0.130706139901637
2022-10-18,0.13293816696859717
2022-10-19,0.1351538409110636
2022-10-20,0.13735290934291808
2022-10-21,0.1395351223553453
2022-10-24,0.1417002325439822
2022-10-25,0.14384799503574705
2022-10-26,0.1459781675153497
2022-10-27,0.14809051025147674
2022-10-28,0.1501847861226501
2022-10-31,0.15226076064275623
2022-11-01,0.1543182019862436
2022-11-02,0.15635688101298378
2022-11-03,0.15837657129279561
2022-11-04,0.16037704912962847
2022-11-07,0.16235809358540318
2022-11-08,0.16431948650350595
2022-11-09,0.16626101253193515
2022-11-10,0.1681824591460969
2022-11-11,0.17008361667124694
2022-11-14,0.17196427830457803
2022-11-15,0.17382424013694808
2022-11-16,0.17566330117424822
2022-11-17,0.17748126335840914
2022-11-18,0.17927793158804084
2022-11-21,0.18105311373870647
2022-11-22,0.18280662068282644
2022-11-23,0.1845382663092108
2022-11-24,0.18624786754221886
2022-11-25,0.1879352443605424
2022-11-28,0.1896002198156117
2022-11-29,0.19124262004962211
2022-11-30,0.19286227431317898
2022-12-01,0.19445901498255969
2022-12-02,0.1960326775765902
2022-12-05,0.19758310077313482
2022-12-06,0.19911012642519785
2022-12-07,0.2006135995766345
2022-12-08,0.20209336847746928
2022-12-09,0.20354928459882338
2022-12-12,0.20498120264744354
2022-12-13,0.20638898057983757
2022-12-14,0.20777247961600986
2022-12-15,0.20913156425279877
2022-12-16,0.21046610227681248
2022-12-19,0.21177596477696373
2022-12-20,0.21306102615660022
2022-12-21,0.21432116414523192
2022-12-22,0.21555625980985138
2022-12-23,0.21676619756584825
2022-12-26,0.21795086518751555
2022-12-27,0.21911015381814744
2022-12-28,0.22024395797972696
2022-12-29,0.2213521755822032
2022-12-30,0.22243470793235653
2023-01-02,0.2234914597422525
2023-01-03,0.2245223391372806
2023-01-04,0.22552725766378143
2023-01-05,0.22650613029625757
2023-01-06,0.22745887544416982
2023-01-09,0.2283854149583175
2023-01-10,0.2292856741368029
2023-01-11,0.23015958173057802
2023-01-12,0.23100706994857503
2023-01-13,0.23182807446241788
2023-01-16,0.2326225344107174
2023-01-17,0.23339039240294632
2023-01-18,0.2341315945228977
2023-01-19,0.234846090331723
2023-01-20,0.2355338328705523
2023-01-23,0.23619477866269484
2023-01-24,0.23682888771542138
2023-01-25,0.2374361235213266
2023-01-26,0.23801645305927327
2023-01-27,0.2385698467949169
2023-01-30,0.23909627868081282
2023-01-31,0.23959572615610303
2023-02-01,0.24006817014578652
2023-02-02,0.24051359505957012
2023-02-03,0.24093198879030325
2023-02-06,0.2413233427119935
2023-02-07,0.2416876516774076
2023-02-08,0.24202491401525408
2023-02-09,0.24233513152695146
2023-02-10,0.2426183094829807
2023-02-13,0.24287445661882343
2023-02-14,0.24310358513048566
2023-02-15,0.24330571066960896
2023-02-16,0.24348085233816935
2023-02-17,0.2436290326827638
2023-02-20,0.24375027768848706
2023-02-21,0.24384461677239816
2023-02-22,0.24391208277657825
2023-02-23,0.24395271196078058
2023-02-24,0.24396654399467393
2023-02-27,0.24395362194968095
2023-02-28,0.24391399229041041
2023-03-01,0.24384770486568852
2023-03-02,0.24375481289918605
2023-03-03,0.24363537297964646
2023-03-06,0.24348944505071388
2023-03-07,0.24331709240036312
2023-03-08,0.24311838164993338
2023-03-09,0.24289338274276706
2023-03-10,0.2426421689324548
2023-03-13,0.24236481677068852
2023-03-14,0.24206140609472454
2023-03-15,0.24173202001445765
2023-03-16,0.24137674489910854
2023-03-17,0.24099567036352584
2023-03-20,0.24058888925410496
2023-03-21,0.24015649763432495
2023-03-22,0.23969859476990665
2023-03-23,0.23921528311359172
2023-03-24,0.2387066682895473
2023-03-27,0.2381728590773961
2023-03-28,0.2376139673958747
2023-03-29,0.23703010828612325
2023-03-30,0.23642139989460634
2023-03-31,0.2357879634556701
2023-04-03,0.2351299232737348
2023-04-04,0.23444740670512837
2023-04-05,0.23374054413955941
2023-04-06,0.23300946898123634
2023-04-07,0.2322543176296313
2023-04-10,0.2314752294598935
2023-04-11,0.2306723468029133
2023-04-12,0.22984581492504083
2023-04-13,0.2289957820074602
2023-04-14,0.22812239912522286
2023-04-17,0.22722582022594234
2023-04-18,0.22630620210815375
2023-04-19,0.22536370439933937
2023-04-20,0.22439848953362462
2023-04-21,0.2234107227291458
2023-04-24,0.22240057196509427
2023-04-25,0.22136820795843704
2023-04-26,0.22031380414032029
2023-04-27,0.21923753663215528
2023-04-28,0.21813958422139235
2023-05-01,0.21702012833698425
2023-05-02,0.21587935302454256
2023-05-03,0.2147174449211904
2023-05-04,0.21353459323011456
2023-05-05,0.21233098969481895
2023-05-08,0.21110682857308502
2023-05-09,0.20986230661063965
2023-05-10,0.20859762301453585
2023-05-11,0.20731297942624838
2023-05-12,0.20600857989448823
2023-05-15,0.2046846308477384
2023-05-16,0.20334134106651588
2023-05-17,0.20197892165536185
2023-05-18,0.20059758601456384
2023-05-19,0.1991975498116141
2023-05-22,0.19777903095240673
2023-05-23,0.19634224955217738
2023-05-24,0.19488742790618963
2023-05-25,0.19341479046017052
2023-05-26,0.1919245637805004
2023-05-29,0.19041697652415884
2023-05-30,0.18889225940843224
2023-05-31,0.18735064518038483
2023-06-01,0.18579236858609918
2023-06-02,0.1842176663396875
2023-06-05,0.18262677709207897
2023-06-06,0.18101994139958688
2023-06-07,0.17939740169225885
2023-06-08,0.17775940224201417
2023-06-09,0.1761061891305723
2023-06-12,0.17443801021717656
2023-06-13,0.17275511510611613
2023-06-14,0.17105775511405155
2023-06-15,0.16934618323714654
2023-06-16,0.16762065411801078
2023-06-19,0.16588142401245773
2023-06-20,0.1641287507560806
2023-06-21,0.16236289373065227
2023-06-22,0.1605841138303509
2023-06-23,0.15879267342781767
2023-06-26,0.15698883634004912
2023-06-27,0.15517286779412898
2023-06-28,0.15334503439280314
2023-06-29,0.15150560407990274
2023-06-30,0.14965484610561855
2023-07-03,0.14779303099163163
2023-07-04,0.1459204304961039
2023-07-05,0.14403731757853325
2023-07-06,0.14214396636447763
2023-07-07,0.14024065211015158
2023-07-10,0.13832765116690002
2023-07-11,0.1364052409455537
2023-07-12,0.13447369988067076
2023-07-13,0.13253330739466695
2023-07-14,0.13058434386184242
2023-07-17,0.12862709057230537
2023-07-18,0.12666182969579953
2023-07-19,0.12468884424543931
2023-07-20,0.12270841804135633
2023-07-21,0.12072083567426219
2023-07-24,0.11872638246893202
2023-07-25,0.11672534444761289
2023-07-26,0.11471800829336107
2023-07-27,0.11270466131331416
2023-07-28,0.11068559140190025
2023-07-31,0.10866108700399012
2023-08-01,0.10663143707799685
2023-08-02,0.10459693105892612
2023-08-03,0.10255785882138277
2023-08-04,0.10051451064253782
2023-08-07,0.09846717716506029
2023-08-08,0.09641614936001751
2023-08-09,0.09436171848975007
2023-08-10,0.09230417607072407
2023-08-11,0.0902438138363668
2023-08-14,0.08818092369988834
2023-08-15,0.08611579771709554
2023-08-16,0.0840487280492017
2023-08-17,0.0819800069256361
2023-08-18,0.07990992660685942
2023-08-21,0.07783877934718723
2023-08-22,0.07576685735762832
2023-08-23,0.0736944527687402
2023-08-24,0.07162185759350814
2023-08-25,0.0695493636902508
2023-08-28,0.06747726272555735
2023-08-29,0.06540584613726066
2023-08-30,0.06333540509745088
2023-08-31,0.06126623047553342
2023-09-01,0.05919861280133713
2023-09-04,0.057132842228274805
2023-09-05,0.05506920849656247
2023-09-06,0.05300800089650126
2023-09-07,0.050949508231825195
2023-09-08,0.048894018783121225
2023-09-11,0.04684182027132406
2023-09-12,0.04479319982129079
2023-09-13,0.04274844392546059
2023-09-14,0.040707838407602386
2023-09-15,0.03867166838665513
2023-09-18,0.03664021824066626
2023-09-19,0.03461377157083077
2023-09-20,0.032592611165636436
2023-09-21,0.030577018965119163
2023-09-22,0.028567276025233127
2023-09-25,0.02656366248233815
2023-09-26,0.02456645751781175
2023-09-27,0.02257593932278658
2023-09-28,0.02059238506302009
2023-09-29,0.0186160708438996
2023-10-02,0.01664727167558653
2023-10-03,0.014686261438304614
2023-10-04,0.01273331284777605
2023-10-05,0.010788697420809701
2023-10-06,0.008852685441045302
2023-10-09,0.00692554592485784
2023-10-10,0.005007546587426178
2023-10-11,0.0030989538089704494
2023-10-12,0.001200032601160578
2023-10-13,-0.0006889534262974089
2023-10-16,-0.002567742098896022
2023-10-17,-0.0044360727103757705
2023-10-18,-0.0062936860555872325
2023-10-19,-0.0081403244631608
2023-10-20,-0.009975731827979952
2023-10-23,-0.011799653643455282
2023-10-24,-0.013611837033594984
2023-10-25,-0.015412030784867243
2023-10-26,-0.017199985377851734
2023-10-27,-0.018975453018676258
2023-10-30,-0.020738187670234158
2023-10-31,-0.02248794508317955
2023-11-01,-0.024224482826696467
2023-11-02,-0.025947560319038106
2023-11-03,-0.027656938857832117
2023-11-06,-0.029352381650149854
2023-11-07,-0.031033653842334297
2023-11-08,-0.032700522549583964
2023-11-09,-0.03435275688528872
2023-11-10,-0.035990127990115854
2023-11-13,-0.03761240906083942
2023-11-14,-0.03921937537891329
2023-11-15,-0.04081080433878215
2023-11-16,-0.0423864754759274
2023-11-17,-0.04394617049464519
2023-11-20,-0.04548967329555344
2023-11-21,-0.04701677000282322
2023-11-22,-0.048527248991133254
2023-11-23,-0.050020900912342826
2023-11-24,-0.05149751872187968
2023-11-27,-0.05295689770484179
2023-11-28,-0.05439883550180813
2023-11-29,-0.05582313213435533
2023-11-30,-0.05722959003027844
2023-12-01,-0.05861801404851128
2023-12-04,-0.05998821150374574
2023-12-05,-0.06133999219074348
2023-12-06,-0.06267316840834113
2023-12-07,-0.0639875549831433
2023-12-08,-0.06528296929290163
2023-12-11,-0.06655923128957758
2023-12-12,-0.06781616352208507
2023-12-13,-0.06905359115871096
2023-12-14,-0.0702713420092115
2023-12-15,-0.07146924654657988
2023-12-18,-0.07264713792848483
2023-12-19,-0.07380485201837583
2023-12-20,-0.07494222740625399
2023-12-21,-0.07605910542910449
2023-12-22,-0.07715533019098973
2023-12-25,-0.0782307485827992
2023-12-26,-0.0792852103016556
2023-12-27,-0.08031856786997359
2023-12-28,-0.08133067665416843
2023-12-29,-0.08232139488301429
2024-01-01,-0.08329058366564847
2024-01-02,-0.0842381070092193
2024-01-03,-0.08516383183617662
2024-01-04,-0.08606762800120214
2024-01-05,-0.08694936830777807
2024-01-08,-0.0878089285243913
2024-01-09,-0.0886461874003721
2024-01-10,-0.08946102668136494
2024-01-11,-0.09025333112443008
2024-01-12,-0.0910229885127728
2024-01-15,-0.09176988967010127
2024-01-16,-0.0924939284746074
2024-01-17,-0.09319500187257336
2024-01-18,-0.0938730098915986
2024-01-19,-0.09452785565344769
2024-01-22,-0.09515944538651695
2024-01-23,-0.09576768843791886
2024-01-24,-0.0963524972851814
2024-01-25,-0.0969137875475632
2024-01-26,-0.09745147799698026
2024-01-29,-0.09796549056854698
2024-01-30,-0.09845575037072492
2024-01-31,-0.09892218569508339
2024-02-01,-0.09936472802566709
2024-02-02,-0.09978331204797133
2024-02-05,-0.10017787565752352
2024-02-06,-0.10054835996806909
2024-02-07,-0.10089470931936237
2024-02-08,-0.10121687128456044
2024-02-09,-0.10151479667721881
2024-02-12,-0.10178843955788919
2024-02-13,-0.10203775724031773
2024-02-14,-0.10226271029724328
2024-02-15,-0.1024632625657951
2024-02-16,-0.10263938115248894
2024-02-19,-0.10279103643782135
2024-02-20,-0.10291820208046144
2024-02-21,-0.10302085502104
2024-02-22,-0.10309897548553448
2024-02-23,-0.10315254698825091
2024-02-26,-0.10318155633440108
2024-02-27,-0.10318599362227572
2024-02-28,-0.10316585224501239
2024-02-29,-0.10312112889195862
2024-03-01,-0.10305182354963048
2024-03-04,-0.1029579395022647
2024-03-05,-0.10283948333196685
2024-03-06,-0.10269646491845323
2024-03-07,-0.10252889743838782
2024-03-08,-0.10233679736431385
2024-03-11,-0.10212018446318084
2024-03-12,-0.10187908179446566
2024-03-13,-0.10161351570789014
2024-03-14,-0.1013235158407332
2024-03-15,-0.10100911511473945
2024-03-18,-0.10067034973262366
2024-03-19,-0.1003072591741726
2024-03-20,-0.09991988619194286
2024-03-21,-0.0995082768065576
2024-03-22,-0.09907248030159993
2024-03-25,-0.09861254921810732
2024-03-26,-0.09812853934866256
2024-03-27,-0.09762050973108741
2024-03-28,-0.09708852264173586
2024-03-29,-0.09653264358838885
2024-04-01,-0.0959529413027528
2024-04-02,-0.09534948773255963
2024-04-03,-0.09472235803327284
2024-04-04,-0.09407163055939816
2024-04-05,-0.0933973868554002
2024-04-08,-0.0926997116462271
2024-04-09,-0.09197869282744325
2024-04-10,-0.09123442145497217
2024-04-11,-0.09046699173444978
2024-04-12,-0.0896765010101903
2024-04-15,-0.08886304975376495
2024-04-16,-0.08802674155219631
2024-04-17,-0.08716768309576833
2024-04-18,-0.08628598416545374
2024-04-19,-0.0853817576199615
2024-04-22,-0.08445511938240388
2024-04-23,-0.08350618842658655
2024-04-24,-0.08253508676292184
2024-04-25,-0.08154193942396838
2024-04-26,-0.08052687444959711
2024-04-29,-0.0794900228717867
2024-04-30,-0.07843151869904978
2024-05-01,-0.07735149890049162
2024-05-02,-0.07625010338950322
2024-05-03,-0.07512747500709131
2024-05-06,-0.07398375950484613
2024-05-07,-0.07281910552755005
2024-05-08,-0.07163366459542843
2024-05-09,-0.07042759108604542
2024-05-10,-0.06920104221584576
2024-05-13,-0.06795417802134601
2024-05-14,-0.06668716133997711
2024-05-15,-0.0654001577905796
2024-05-16,-0.06409333575355496
2024-05-17,-0.06276686635067491
2024-05-20,-0.06142092342455166
2024-05-21,-0.060055683517769624
2024-05-22,-0.05867132585168387
2024-05-23,-0.05726803230488588
2024-05-24,-0.055845987391339134
2024-05-27,-0.05440537823818886
2024-05-28,-0.05294639456324596
2024-05-29,-0.05146922865215032
2024-05-30,-0.049974075335214516
2024-05-31,-0.04846113196395124
2024-06-03,-0.04693059838728726
2024-06-04,-0.0453826769274666
2024-06-05,-0.043817572355645915
2024-06-06,-0.04223549186718507
2024-06-07,-0.04063664505663501
2024-06-10,-0.039021243892427365
2024-06-11,-0.037389502691267125
2024-06-12,-0.03574163809223327
2024-06-13,-0.034077869030587904
2024-06-14,-0.03239841671130014
2024-06-17,-0.030703504582284876
2024-06-18,-0.028993358307361813
2024-06-19,-0.027268205738936454
2024-06-20,-0.025528276890407434
2024-06-21,-0.02377380390830258
2024-06-24,-0.02200502104414762
2024-06-25,-0.020222164626070384
2024-06-26,-0.018425473030144184
2024-06-27,-0.016615186651473633
2024-06-28,-0.01479154787502679
2024-07-01,-0.012954801046215521
2024-07-02,-0.01110519244123027
2024-07-03,-0.0092429702371299
2024-07-04,-0.007368384481692019
2024-07-05,-0.005481687063026529
2024-07-08,-0.0035831316789566576
2024-07-09,-0.0016729738061700688
2024-07-10,0.00024852933085502187
2024-07-11,0.0021811187911465074
2024-07-12,0.004124533948752308
2024-07-15,0.006078512524469469
2024-07-16,0.008042790617784313
2024-07-17,0.01001710273901846
2024-07-18,0.012001181841679259
2024-07-19,0.013994759355008757
2024-07-22,0.015997565216728245
2024-07-23,0.01800932790597487
2024-07-24,0.020029774476425365
2024-07-25,0.022058630589603733
2024-07-26,0.024095620548368786
2024-07-29,0.02614046733057756
2024-07-30,0.02819289262292057
2024-07-31,0.030252616854924662
2024-08-01,0.03231935923311979
2024-08-02,0.03439283777536592
2024-08-05,0.03647276934533482
2024-08-06,0.03855886968714428
2024-08-07,0.04065085346013873
2024-08-08,0.04274843427381484
2024-08-09,0.044851324722884195
2024-08-12,0.04695923642247303
2024-08-13,0.04907188004345128
2024-08-14,0.05118896534788936
2024-08-15,0.05331020122463653
2024-08-16,0.05543529572501823
2024-08-19,0.057563956098646646
2024-08-20,0.05969588882934195
2024-08-21,0.061830799671157864
2024-08-22,0.06396839368450954
2024-08-23,0.0661083752723971
2024-08-26,0.06825044821672328
2024-08-27,0.0703943157146976
2024-08-28,0.07253968041532594
2024-08-29,0.07468624445597893
2024-08-30,0.0768337094990359
2024-09-02,0.07898177676859919
2024-09-03,0.08113014708727606
2024-09-04,0.08327852091302154
2024-09-05,0.08542659837603996
2024-09-06,0.08757407931573917
2024-09-09,0.08972066331773428
2024-09-10,0.0918660497508959
2024-09-11,0.09400993780443805
2024-09-12,0.09615202652504244
2024-09-13,0.09829201485401393
2024-09-16,0.10042960166446231
2024-09-17,0.10256448579850785
2024-09-18,0.10469636610450325
2024-09-19,0.1068249414742707
2024-09-20,0.10894991088034715
2024-09-23,0.11107097341323463
2024-09-24,0.11318782831865126
2024-09-25,0.11530017503477732
2024-09-26,0.11740771322949337
2024-09-27,0.11951014283760526
2024-09-30,0.12160716409805136
2024-10-01,0.12369847759108836
2024-10-02,0.12578378427545
2024-10-03,0.12786278552547656
2024-10-04,0.12993518316820687
2024-10-07,0.13200067952043273
2024-10-08,0.1340589774257085
2024-10-09,0.1361097802913118
2024-10-10,0.13815279212515214
2024-10-11,0.1401877175726219
2024-10-14,0.14221426195338505
2024-10-15,0.14423213129810114
2024-10-16,0.1462410323850774
2024-10-17,0.14824067277684702
2024-10-18,0.15023076085666703
2024-10-21,0.15221100586493455
2024-10-22,0.15418111793551256
2024-10-23,0.15614080813196538
2024-10-24,0.15808978848369687
2024-10-25,0.16002777202198737
2024-10-28,0.16195447281592526
2024-10-29,0.16386960600823008
2024-10-30,0.16577288785096034
2024-10-31,0.1676640357411042
2024-11-01,0.16954276825604675
2024-11-04,0.17140880518891202
2024-11-05,0.17326186758377293
2024-11-06,0.17510167777072633
2024-11-07,0.17692795940082892
2024-11-08,0.17874043748088975
2024-11-11,0.18053883840811494
2024-11-12,0.18232289000459995
2024-11-13,0.18409232155166663
2024-11-14,0.1858468638240402
2024-11-15,0.18758624912386093
2024-11-18,0.1893102113145287
2024-11-19,0.19101848585437442
2024-11-20,0.1927108098301555
2024-11-21,0.19438692199037028
2024-11-22,0.19604656277838856
2024-11-25,0.19768947436539322
2024-11-26,0.1993154006831294
2024-11-27,0.20092408745645784
2024-11-28,0.20251528223570733
2024-11-29,0.20408873442882283
2024-12-02,0.20564419533330616
2024-12-03,0.20718141816794428
2024-12-04,0.20870015810432188
2024-12-05,0.2102001722981141
2024-12-06,0.21168121992015693
2024-12-09,0.21314306218728868
2024-12-10,0.21458546239296258
2024-12-11,0.21600818593762341
2024-12-12,0.21741100035884672
2024-12-13,0.21879367536123534
2024-12-16,0.22015598284607166
2024-12-17,0.22149769694071916
2024-12-18,0.22281859402777301
2024-12-19,0.22411845277395334
2024-12-20,0.2253970541587388
2024-12-23,0.2266541815027377
2024-12-24,0.227889620495792
2024-12-25,0.22910315922481125
2024-12-26,0.23029458820133325
2024-12-27,0.2314637003888078
2024-12-30,0.23261029122960056
2024-12-31,0.2337341586717133
2025-01-01,0.23483510319521758
