,Synthetic_PC3
2015-12-18,0.03734930880467906
2015-12-21,-0.003584073709432747
2015-12-22,-0.025884463101758102
2015-12-23,-0.019870733430260537
2015-12-24,0.011974239129920941
2015-12-25,0.0
2015-12-28,0.004472630628830032
2015-12-29,-0.054707632684033336
2015-12-30,0.006261821575080465
2015-12-31,0.027234673226535798
2016-01-01,0.0
2016-01-04,0.01769241648677443
2016-01-05,4.54856387374367e-05
2016-01-06,0.05172283968557703
2016-01-07,0.02221135792463199
2016-01-08,0.02563555802800631
2016-01-11,-0.014095823148269163
2016-01-12,0.026055974128873297
2016-01-13,0.028424416364085478
2016-01-14,-0.01055085343269913
2016-01-15,0.043889341604225286
2016-01-18,0.0
2016-01-19,-0.020746536665183765
2016-01-20,0.03609223041515981
2016-01-21,-0.00286445875164703
2016-01-22,-0.035593175201628746
2016-01-25,0.019583488821173795
2016-01-26,0.013375196913609303
2016-01-27,-0.008209375235886246
2016-01-28,-0.020058983505982925
2016-01-29,-0.047279049474857705
2016-02-01,0.031323053628950034
2016-02-02,-0.07308430990304476
2016-02-03,-0.0023835770813722353
2016-02-04,0.012546030592967123
2016-02-05,0.0026661601039467114
2016-02-08,0.07071426168269537
2016-02-09,0.007513993591963001
2016-02-10,-0.005816494105556321
2016-02-11,-0.037999540799238785
2016-02-12,0.07096050887767459
2016-02-15,0.0
2016-02-16,0.02430659181128263
2016-02-17,0.021876760694986345
2016-02-18,-0.03888017845908152
2016-02-19,0.01865225563023562
2016-02-22,0.007617229074426695
2016-02-23,-0.01689608381981561
2016-02-24,-0.008424711438907643
2016-02-25,-0.034437055804428116
2016-02-26,0.04758459644527108
2016-02-29,-0.009617779004339607
2016-03-01,0.06584610573034795
2016-03-02,0.0172630448675612
2016-03-03,-0.007145899948991563
2016-03-04,0.03607401920481597
2016-03-07,0.02659968407763624
2016-03-08,-0.056793413687797764
2016-03-09,0.03951947959885149
2016-03-10,0.035625443107544494
2016-03-11,0.029780289606098596
2016-03-14,-0.002110935233025422
2016-03-15,0.004692872343471476
2016-03-16,-0.047770774807536165
2016-03-17,-0.01589996280094507
2016-03-18,-0.029569709745446954
2016-03-21,0.02656157101260492
2016-03-22,0.022106552927931088
2016-03-23,-0.034675326599903536
2016-03-24,0.01469974491139091
2016-03-25,0.0
2016-03-28,-0.013404521724105459
2016-03-29,-0.047575552252680134
2016-03-30,-0.009064678732312424
2016-03-31,-0.03124329769745473
2016-04-01,0.014025376658746588
2016-04-04,-0.010476147973738059
2016-04-05,-0.030286829924866962
2016-04-06,0.018589703665672835
2016-04-07,-0.036268034236285954
2016-04-08,0.01286626419011258
2016-04-11,0.001986392347121027
2016-04-12,0.0347766446074587
2016-04-13,-0.005007264916710493
2016-04-14,0.021727518605006317
2016-04-15,-0.022755761725180013
2016-04-18,0.011911425766482422
2016-04-19,0.008855750478195073
2016-04-20,0.03591037386384134
2016-04-21,0.01747602507309232
2016-04-22,0.008831186014526158
2016-04-25,0.00770870396721092
2016-04-26,0.01420408160570681
2016-04-27,-0.04257524286688136
2016-04-28,-0.023072527229571364
2016-04-29,-0.001159241391695454
2016-05-02,0.02505157203992364
2016-05-03,-0.040195182118722105
2016-05-04,-0.012967616176177744
2016-05-05,-0.016247117638757212
2016-05-06,0.01730872776310977
2016-05-09,-0.015137866479920778
2016-05-10,0.0
2016-05-11,-0.011215538957476009
2016-05-12,0.019334511099584072
2016-05-13,-0.017893923318812427
2016-05-16,0.02299299442091511
2016-05-17,0.011589787288615799
2016-05-18,0.06793067978118256
2016-05-19,-0.016306907131372388
2016-05-20,0.0
2016-05-23,-0.004585873906949501
2016-05-24,0.01637486171977584
2016-05-25,-0.0017762604693042799
2016-05-26,-0.025315683883291855
2016-05-27,0.018400751060722285
2016-05-30,0.0
2016-05-31,-0.00754769455636357
2016-06-01,0.006395457582094492
2016-06-02,-0.02023708286915911
2016-06-03,-0.06665328485766177
2016-06-06,0.011050837582992811
2016-06-07,-0.008606504278008251
2016-06-08,-0.0023981264482364063
2016-06-09,-0.010229723368449304
2016-06-10,-0.026142283930371685
2016-06-13,-0.01743730138624812
2016-06-14,0.0031279394868225776
2016-06-15,-0.020324177669889087
2016-06-16,-0.00799832806761159
2016-06-17,0.024208608422409447
2016-06-20,0.0236642166630813
2016-06-21,0.028164454391434918
2016-06-22,-0.011944682733442721
2016-06-23,0.029251118131652314
2016-06-24,-0.0942490332349385
2016-06-27,-0.05549080659489949
2016-06-28,0.0
2016-06-29,0.020711764785193737
2016-06-30,-0.005675208276872876
2016-07-01,-0.012366455870032367
2016-07-04,0.0
2016-07-05,-0.04262718984309491
2016-07-06,0.004015382702334585
2016-07-07,0.01348467209317077
2016-07-08,-0.01982998825263628
2016-07-11,0.04369964811035587
2016-07-12,0.05120566558479693
2016-07-13,-0.024138246794670394
2016-07-14,0.02540795427729379
2016-07-15,0.03584813276687032
2016-07-18,-0.0034911877631447364
2016-07-19,-0.018648618941342225
2016-07-20,0.017198316656304165
2016-07-21,-0.019217704657697156
2016-07-22,0.007669150119119367
2016-07-25,0.010113472703961483
2016-07-26,-0.005707022522099945
2016-07-27,-0.03201798437508127
2016-07-28,-0.0034386041187702775
2016-07-29,-0.03640766180723696
2016-08-01,0.02488047521377689
2016-08-02,0.01375588403865801
2016-08-03,0.0
2016-08-04,-0.024925481788679524
2016-08-05,0.057455054747770566
2016-08-08,0.007605603005754127
2016-08-09,-0.025041614181429906
2016-08-10,-0.02779683710676295
2016-08-11,0.05150602661949402
2016-08-12,-0.03740050941346757
2016-08-15,-0.025675524283672112
2016-08-16,-0.011620489534576606
2016-08-17,0.005814583804977199
2016-08-18,0.018353725315668028
2016-08-19,-0.030473413734051828
2016-08-22,0.015156226804092031
2016-08-23,-0.0007318168115377966
2016-08-24,0.0067470524484223235
2016-08-25,-0.0161374219858691
2016-08-26,-0.03546074762530074
2016-08-29,0.030550513006380176
2016-08-30,-0.0003709972106674513
2016-08-31,-0.006264252776235309
2016-09-01,0.005449362801796935
2016-09-02,-0.013870657228681586
2016-09-05,0.0
2016-09-06,0.035819308811346956
2016-09-07,0.006127835020959708
2016-09-08,-0.04076471144709937
2016-09-09,-0.02836257460228582
2016-09-12,0.005345469805880732
2016-09-13,-0.029682832833456713
2016-09-14,0.023908376702232018
2016-09-15,-0.00029516740646267714
2016-09-16,0.00034975196808267146
2016-09-19,-0.0024754489073030984
2016-09-20,0.009760635797077012
2016-09-21,0.006747579629327229
2016-09-22,0.014155736696446014
2016-09-23,0.008145072608290846
2016-09-26,0.016846684761990645
2016-09-27,0.009435843127215774
2016-09-28,-0.005780591819550337
2016-09-29,0.003949171489294349
2016-09-30,-0.01176865383464816
2016-10-03,-0.016948484369938316
2016-10-04,-0.024050426737272975
2016-10-05,-0.015892730554077816
2016-10-06,-0.01148250484688363
2016-10-07,-0.005946073724347347
2016-10-10,0.0
2016-10-11,0.012666189548665972
2016-10-12,0.007008934806997772
2016-10-13,-0.015035238393917079
2016-10-14,0.015141262280953137
2016-10-17,-0.004328926797569361
2016-10-18,-0.011270674796840914
2016-10-19,0.004351523028837666
2016-10-20,-0.002517060580599884
2016-10-21,-0.0063074654758088315
2016-10-24,-0.010687618958162866
2016-10-25,0.0002722124250394897
2016-10-26,-0.0063150471829420685
2016-10-27,0.01655208029703025
2016-10-28,0.004414815644276876
2016-10-31,-0.008802132505092531
2016-11-01,0.002788334380387198
2016-11-02,-0.008958955246210605
2016-11-03,0.0019900113510517205
2016-11-04,-0.008535170009681145
2016-11-07,0.015568150360041501
2016-11-08,-0.010654561894369148
2016-11-09,-0.06811651907658334
2016-11-10,-0.028758899168778315
2016-11-11,0.0
2016-11-14,-0.02525853661712729
2016-11-15,-0.001944034925856485
2016-11-16,-0.0011146412335589384
2016-11-17,-0.019779621478605607
2016-11-18,-0.02357665953747124
2016-11-21,0.005182037649590597
2016-11-22,0.0076721990543404455
2016-11-23,-0.020388658438784006
2016-11-24,0.0
2016-11-25,0.0
2016-11-28,0.013715846704584067
2016-11-29,0.007807499174737277
2016-11-30,-0.02338801921926205
2016-12-01,-0.03074762989307983
2016-12-02,0.024293375168496
2016-12-05,0.0011850877588461483
2016-12-06,0.00013243996318541517
2016-12-07,-0.01892354287985375
2016-12-08,0.01723647837393791
2016-12-09,0.028802425526264136
2016-12-12,0.005622127682722604
2016-12-13,0.006395845087086051
2016-12-14,0.04493017230954667
2016-12-15,0.03505341444362976
2016-12-16,-0.009946770352013539
2016-12-19,-0.023596697776848297
2016-12-20,0.015291863032344727
2016-12-21,-0.009289475240223305
2016-12-22,-0.0005303520907045425
2016-12-23,0.0
2016-12-26,0.0
2016-12-27,0.00833700087529453
2016-12-28,-0.028355449224572997
2016-12-29,-0.018969642643148682
2016-12-30,-0.01710036743912681
2017-01-02,0.0
2017-01-03,0.0006066908458326617
2017-01-04,6.626977947875529e-05
2017-01-05,-0.03917489842411223
2017-01-06,-0.025867779731191563
2017-01-09,0.017691390870662703
2017-01-10,-0.001242403113441703
2017-01-11,0.00038513640886593835
2017-01-12,0.00970313753025639
2017-01-13,-0.016232023099142595
2017-01-16,-0.0
2017-01-17,0.030877693958539704
2017-01-18,-0.04420780928015143
2017-01-19,-0.02130732769755401
2017-01-20,0.004647472941770324
2017-01-23,0.034537693191525616
2017-01-24,-0.029214958792241362
2017-01-25,-0.027235047846266097
2017-01-26,0.01589401942734412
2017-01-27,0.007943480403566227
2017-01-30,0.0
2017-01-31,0.01937597297154079
2017-02-01,-0.014126304778185302
2017-02-02,0.0025910146601322787
2017-02-03,-0.005252312357374859
2017-02-06,0.03407434318099496
2017-02-07,0.007398818364027077
2017-02-08,0.0248066141321752
2017-02-09,-0.03227497188009386
2017-02-10,-0.005357075470440015
2017-02-13,-0.013947734747255865
2017-02-14,-0.025729985899121254
2017-02-15,-0.017252556566977544
2017-02-16,0.03039608347417604
2017-02-17,0.015597759534686754
2017-02-20,0.0
2017-02-21,-0.005021491650774005
2017-02-22,0.00528745651965706
2017-02-23,0.023481419671466768
2017-02-24,0.03536042589656191
2017-02-27,-0.030818068882274625
2017-02-28,-0.005991281673447948
2017-03-01,-0.05083262154959932
2017-03-02,-0.018115564872424487
2017-03-03,0.0032251638138042133
2017-03-06,-0.0005943776498300025
2017-03-07,-0.01584662403353192
2017-03-08,-0.019047842595713734
2017-03-09,-0.02150735189017428
2017-03-10,0.010219717629144935
2017-03-13,-0.016554227518258195
2017-03-14,0.007865281958529393
2017-03-15,0.04997084866328744
2017-03-16,-0.012366521973325925
2017-03-17,0.012120980964456678
2017-03-20,0.01434284511235024
2017-03-21,0.019816012192492925
2017-03-22,0.010415970408370518
2017-03-23,-0.0028697297751494057
2017-03-24,0.008027618678891863
2017-03-27,0.00522313540180461
2017-03-28,-0.021261528155531003
2017-03-29,0.018993876984386704
2017-03-30,-0.01645741700559766
2017-03-31,0.013996522946882237
2017-04-03,0.02810583846023525
2017-04-04,-0.002790460567515228
2017-04-05,0.014459482104934349
2017-04-06,-0.006216815698499829
2017-04-07,-0.027792744963590993
2017-04-10,0.005724175745033188
2017-04-11,0.03796327600363178
2017-04-12,0.019949428047309904
2017-04-13,0.025697803672161727
2017-04-14,-0.0
2017-04-17,-0.012207359772180527
2017-04-18,0.05246041898057451
2017-04-19,-0.019933026317518258
2017-04-20,-0.025498418278325996
2017-04-21,0.005361197692416142
2017-04-24,-0.032815316129228896
2017-04-25,-0.04754365813265067
2017-04-26,0.021393294373354854
2017-04-27,0.022485416436287414
2017-04-28,-0.0027890506348842705
2017-05-01,-0.022432775180998177
2017-05-02,0.02425274013031855
2017-05-03,-0.037205308977260564
2017-05-04,-0.01949864459496252
2017-05-05,-0.0046358435247678634
2017-05-08,-0.017636083482646933
2017-05-09,-0.028448731755507606
2017-05-10,0.006187519177439279
2017-05-11,0.008789052403268955
2017-05-12,0.06296993859062627
2017-05-15,-0.0111678656267749
2017-05-16,0.0064404102945670215
2017-05-17,0.07621671881686172
2017-05-18,-0.01392208741110115
2017-05-19,-0.007206853327447124
2017-05-22,-0.011006294325867373
2017-05-23,-0.03184647906855456
2017-05-24,0.03503564641779325
2017-05-25,0.004264944892636596
2017-05-26,-0.004969753509877511
2017-05-29,-0.0
2017-05-30,0.027188977167289116
2017-05-31,0.005022144159718206
2017-06-01,-0.00504677373010705
2017-06-02,0.03562740283655154
2017-06-05,-0.031057048105139283
2017-06-06,0.02751781552092136
2017-06-07,-0.027591012021612987
2017-06-08,-0.009549556058416795
2017-06-09,-0.019145001426044046
2017-06-12,-0.005191283596742077
2017-06-13,-0.013434654790155076
2017-06-14,0.04444444329775919
2017-06-15,-0.012167858205175843
2017-06-16,0.013392350653392351
2017-06-19,-0.042229014749403285
2017-06-20,0.021008249793808834
2017-06-21,-0.005256530418570746
2017-06-22,0.017527432130904286
2017-06-23,-0.005221632424440257
2017-06-26,-0.003403462130710384
2017-06-27,-0.04918627875332049
2017-06-28,0.018920056023827785
2017-06-29,-0.04024694171138138
2017-06-30,-0.02796381849244852
2017-07-03,-0.03562887202098791
2017-07-04,-0.0
2017-07-05,0.00890209193474829
2017-07-06,-0.015353280376908307
2017-07-07,-0.008920908696173773
2017-07-10,0.011934305041128097
2017-07-11,0.01422869812248038
2017-07-12,0.03257261593452378
2017-07-13,-0.013717798422035535
2017-07-14,0.018627749943234802
2017-07-17,0.0064544376480298385
2017-07-18,0.027570506342693896
2017-07-19,-0.007339521816617345
2017-07-20,0.004929510008257558
2017-07-21,0.013251597139799181
2017-07-24,-0.01619332515187662
2017-07-25,-0.05542267641781483
2017-07-26,0.05186022590906146
2017-07-27,-0.01076243369119329
2017-07-28,0.01365242816763956
2017-07-31,-0.004904191222802745
2017-08-01,0.027294735677698852
2017-08-02,-0.016650851802467895
2017-08-03,0.025377426033708673
2017-08-04,-0.02536962674337533
2017-08-07,0.0067845892702227285
2017-08-08,-0.020290086756651244
2017-08-09,0.031667157016462937
2017-08-10,0.02207533654130259
2017-08-11,0.028711407005072805
2017-08-14,-0.0277305466846364
2017-08-15,-0.043275009724087425
2017-08-16,0.03182239358409581
2017-08-17,0.024483723449654157
2017-08-18,-0.0073365779965461585
2017-08-21,0.00928159464867567
2017-08-22,-0.029164320823119667
2017-08-23,0.03107472727301859
2017-08-24,-0.01588748244037094
2017-08-25,0.0030265479870928286
2017-08-28,0.021223627424437664
2017-08-29,0.0241559101316072
2017-08-30,-0.013055132779510217
2017-08-31,0.015027562792160665
2017-09-01,-0.02713155065075539
2017-09-04,-0.0
2017-09-05,0.06808844173143262
2017-09-06,-0.024095630413566962
2017-09-07,0.04544648496761865
2017-09-08,-0.006513003816573495
2017-09-11,-0.06130219252992018
2017-09-12,-0.026739099592517523
2017-09-13,-0.024948885095913184
2017-09-14,-0.009974493850403639
2017-09-15,-0.014409846060086882
2017-09-18,-0.017671566926590918
2017-09-19,-0.006402998776007209
2017-09-20,-0.04393828122589946
2017-09-21,0.0020279543812452595
2017-09-22,0.00356347576732169
2017-09-25,0.02667703134162409
2017-09-26,-0.01545677038120789
2017-09-27,-0.03692102221598886
2017-09-28,0.014177690795455791
2017-09-29,-0.02240981927011894
2017-10-02,-0.016109968575048705
2017-10-03,0.016108822670562913
2017-10-04,-0.0
2017-10-05,-0.018097243118840388
2017-10-06,-0.03069024357649454
2017-10-09,-0.0
2017-10-10,0.020712915527035754
2017-10-11,-0.0
2017-10-12,0.004031357829759978
2017-10-13,0.02601886010848747
2017-10-16,-0.028078264926845866
2017-10-17,-0.00789981213640802
2017-10-18,-0.02907191161203187
2017-10-19,-0.008487538146803753
2017-10-20,0.03578206133982266
2017-10-23,0.01489928179798141
2017-10-24,-0.02747116667996525
2017-10-25,0.009755898845041994
2017-10-26,-0.012569134955850771
2017-10-27,0.032962473001321296
2017-10-30,0.022875860073706615
2017-10-31,-0.011191766166242484
2017-11-01,-0.0011062566575255803
2017-11-02,0.0072089311873387765
2017-11-03,-0.0002627848769140178
2017-11-06,0.009093881085080956
2017-11-07,-0.0056953318458385855
2017-11-08,0.01299293670267105
2017-11-09,-0.004024484753907076
2017-11-10,-0.040485621633878796
2017-11-13,-0.015588703269972286
2017-11-14,0.015820315037744233
2017-11-15,0.014721326267342613
2017-11-16,-0.027480989486906027
2017-11-17,-0.0037036157310242723
2017-11-20,0.024135153493116478
2017-11-21,0.005514852635766732
2017-11-22,-0.03386177087925743
2017-11-23,0.0
2017-11-24,0.011886263957689065
2017-11-27,-0.008399383947514029
2017-11-28,0.008307986509937856
2017-11-29,0.017952809791250336
2017-11-30,0.021878587962137288
2017-12-01,-0.008748867399391248
2017-12-04,0.011706818988907738
2017-12-05,0.006736602028360183
2017-12-06,-0.028612822520241842
2017-12-07,0.018440068686856388
2017-12-08,0.0009040014379831957
2017-12-11,0.012224846367385295
2017-12-12,0.009687730499426613
2017-12-13,-0.03218054257287477
2017-12-14,0.01273157094596802
2017-12-15,0.011076252060229226
2017-12-18,0.006369693651828537
2017-12-19,0.03135179104680107
2017-12-20,0.005539369649857059
2017-12-21,0.010056330088793928
2017-12-22,0.0044859358212386196
2017-12-25,0.0
2017-12-26,-0.0017186630384539146
2017-12-27,-0.01966763925883901
2017-12-28,0.00811304871296765
2017-12-29,-0.01562730224201954
2018-01-01,0.0
2018-01-02,0.025525001411737632
2018-01-03,0.002545240698431454
2018-01-04,0.011393564079880568
2018-01-05,0.006781138681158122
2018-01-08,0.0013671843096784131
2018-01-09,0.019932356838507827
2018-01-10,-0.003074923699109444
2018-01-11,-0.0006257784580050566
2018-01-12,0.012002278153190346
2018-01-15,0.0
2018-01-16,0.010215324723215829
2018-01-17,0.015114981882381464
2018-01-18,0.0156897284152086
2018-01-19,0.009462954571938315
2018-01-22,0.007955915930618585
2018-01-23,-0.015062425648179346
2018-01-24,0.004407356885329068
2018-01-25,-0.007651754574606339
2018-01-26,0.03016570491711637
2018-01-29,0.005172928583398749
2018-01-30,0.011298688463934153
2018-01-31,0.004751461692223018
2018-02-01,0.019640890929676625
2018-02-02,0.007933964802400892
2018-02-05,-0.04254817563097083
2018-02-06,0.011169720334837416
2018-02-07,0.028142820970646312
2018-02-08,-0.0023837873381575155
2018-02-09,-0.03184481455255931
2018-02-12,0.02343640644918768
2018-02-13,-0.008171196759522282
2018-02-14,-0.06155375682007525
2018-02-15,-0.002606675061702101
2018-02-16,0.007266627180006098
2018-02-19,-0.0
2018-02-20,-0.015744707527690967
2018-02-21,-0.023319785771879264
2018-02-22,0.016463289130299086
2018-02-23,0.021315762230637636
2018-02-26,0.014913576056416846
2018-02-27,-0.042270288109390236
2018-02-28,0.014591330711295042
2018-03-01,0.04179438218582571
2018-03-02,0.03179904246798468
2018-03-05,-0.010205839485894166
2018-03-06,0.0011579077743430913
2018-03-07,0.0011556246578824686
2018-03-08,-0.012647080108442009
2018-03-09,0.01628719022947339
2018-03-12,-0.008189367582974463
2018-03-13,-0.013884401750871767
2018-03-14,-0.008280707892247639
2018-03-15,0.009497748974621646
2018-03-16,0.019745342722518266
2018-03-19,0.0
2018-03-20,0.026718756459515557
2018-03-21,-0.003956394953871086
2018-03-22,-0.036533534897755696
2018-03-23,-0.011260954466373943
2018-03-26,0.0235599526500821
2018-03-27,-0.04429450845892986
2018-03-28,0.0055598090097737285
2018-03-29,-0.018085640559976107
2018-03-30,0.0
2018-04-02,-0.00830090214464977
2018-04-03,0.03336774760386767
2018-04-04,0.004186313675626502
2018-04-05,0.020849508958323444
2018-04-06,-0.03753466136825869
2018-04-09,0.012456110953422923
2018-04-10,0.015184699899385371
2018-04-11,-0.0014373905466018094
2018-04-12,0.028943972823224907
2018-04-13,0.0023997293052938993
2018-04-16,0.012172218791150862
2018-04-17,-0.003236771545460717
2018-04-18,0.02933557655373203
2018-04-19,0.026429131873475325
2018-04-20,0.020804067097862852
2018-04-23,0.01855037119086131
2018-04-24,0.0023165768560965095
2018-04-25,0.01005945473331329
2018-04-26,-0.013225663621446296
2018-04-27,-0.015169958971598434
2018-04-30,-0.005797819116377598
2018-05-01,0.01636310642907268
2018-05-02,-0.0085928748983615
2018-05-03,-0.013621222570020701
2018-05-04,0.0033328798523851837
2018-05-07,-0.0013257942276641117
2018-05-08,0.01699223944966456
2018-05-09,0.01956972554095351
2018-05-10,-0.009879774056656994
2018-05-11,0.003929304617419879
2018-05-14,0.010455813665116255
2018-05-15,0.04507982040559438
2018-05-16,0.009829183394189082
2018-05-17,0.0032046071036940776
2018-05-18,-0.026714568412619696
2018-05-21,0.002028663972651947
2018-05-22,0.0006970093346777531
2018-05-23,-0.04165260281097415
2018-05-24,-0.011804853380719309
2018-05-25,-0.034758128847284506
2018-05-28,0.0
2018-05-29,-0.11514135557515012
2018-05-30,-0.05880484183775583
2018-05-31,-0.0002802620485832777
2018-06-01,-0.04231312347270745
2018-06-04,-0.03022832559235425
2018-06-05,0.015053574922048903
2018-06-06,-0.031844718231095547
2018-06-07,-0.024992527516650785
2018-06-08,0.0
2018-06-11,0.019410423514230737
2018-06-12,0.006942187142445698
2018-06-13,0.026330388439831178
2018-06-14,-0.022174945472465627
2018-06-15,-0.006715119927475486
2018-06-18,-0.004153153755902551
2018-06-19,-0.019305030306310377
2018-06-20,0.020497898880252934
2018-06-21,-0.01638226841547224
2018-06-22,0.0
2018-06-25,-0.014977981763851057
2018-06-26,-0.00020738511781299832
2018-06-27,-0.024454315704534282
2018-06-28,0.009739262125593484
2018-06-29,0.0011798544373158592
2018-07-02,0.018059368137966193
2018-07-03,-0.023217038118735298
2018-07-04,0.0
2018-07-05,0.012674811302469119
2018-07-06,-0.01819100664126901
2018-07-09,0.027787491907799458
2018-07-10,0.012835058196610197
2018-07-11,-0.017001493637396947
2018-07-12,0.007390658032473266
2018-07-13,-0.012663534431908841
2018-07-16,0.0112387881367347
2018-07-17,0.010020221063703696
2018-07-18,0.0038064645002160785
2018-07-19,-0.018086442068532105
2018-07-20,0.019284118889368096
2018-07-23,0.041218061156043526
2018-07-24,-0.0025041710144311875
2018-07-25,-0.0016932757455637778
2018-07-26,0.027334866961319475
2018-07-27,-0.01431944663576993
2018-07-30,0.005797188452886884
2018-07-31,-0.0011222301025713703
2018-08-01,0.014260432368778437
2018-08-02,-0.013107260718593888
2018-08-03,-0.021374187207917485
2018-08-06,-0.009687493873343942
2018-08-07,0.028505843027793104
2018-08-08,-0.00734342548750022
2018-08-09,-0.02214844161968184
2018-08-10,-0.034873476355034495
2018-08-13,0.0013293528645300326
2018-08-14,0.012748374825441588
2018-08-15,-0.02504442515506084
2018-08-16,0.012712900174941293
2018-08-17,-0.0017086750446251415
2018-08-20,-0.03173906236635348
2018-08-21,0.019381291014289582
2018-08-22,-0.01935615586963521
2018-08-23,0.010459435768610218
2018-08-24,0.0016629298935402536
2018-08-27,0.016924770118130292
2018-08-28,0.018633493051809717
2018-08-29,0.0062313257947165124
2018-08-30,-0.020874492361996663
2018-08-31,-0.0062193717642332145
2018-09-03,0.0
2018-09-04,0.028034220941543706
2018-09-05,-0.004822105790388369
2018-09-06,-0.009205077552086254
2018-09-07,0.042910553258755604
2018-09-10,0.0061767809081232795
2018-09-11,0.02738438778104068
2018-09-12,-0.0028314663158810075
2018-09-13,0.0012742306011894607
2018-09-14,0.018861779627259004
2018-09-17,-0.004782583443138174
2018-09-18,0.03569896297320729
2018-09-19,0.014659942159589982
2018-09-20,-0.0017462405401731233
2018-09-21,-0.004762864592492415
2018-09-24,0.007700117686381678
2018-09-25,0.017888621515184177
2018-09-26,-0.021577958419796015
2018-09-27,0.0
2018-09-28,-0.012468376653026244
2018-10-01,0.01773757339545918
2018-10-02,-0.017306212184019315
2018-10-03,0.059245745228806594
2018-10-04,0.023235505005237474
2018-10-05,0.018141063177145804
2018-10-08,-0.0
2018-10-09,-0.013757938095561022
2018-10-10,-0.0021846251694371543
2018-10-11,0.042567478838699
2018-10-12,-0.002247194421478742
2018-10-15,-0.006954109484145364
2018-10-16,-0.005823322247114627
2018-10-17,-0.017463493719355225
2018-10-18,0.010571692592658881
2018-10-19,-0.019564770937964868
2018-10-22,-0.0
2018-10-23,0.027562881766922318
2018-10-24,0.052598806005654926
2018-10-25,-0.029602739766630068
2018-10-26,0.0501734510132258
2018-10-29,-0.0
2018-10-30,-0.025962121517938065
2018-10-31,-0.027826480435571496
2018-11-01,0.013484084069442518
2018-11-02,-0.061907508739044395
2018-11-05,0.009999232455198345
2018-11-06,-0.015614563106093226
2018-11-07,-0.010498275576416308
2018-11-08,-0.015590426463287444
2018-11-09,0.034020009060554156
2018-11-12,-0.0
2018-11-13,0.0436716884342317
2018-11-14,0.025120948442791745
2018-11-15,0.007391541603437191
2018-11-16,0.02954666511468363
2018-11-19,0.02051173480909669
2018-11-20,-0.004479299237772299
2018-11-21,-0.0060370252489045095
2018-11-22,-0.0
2018-11-23,0.007419165474347355
2018-11-26,-0.017604426859132778
2018-11-27,0.00838630331913029
2018-11-28,0.011110978078572024
2018-11-29,0.017860133241856656
2018-11-30,0.011453014685812085
2018-12-03,0.010216670112054346
2018-12-04,0.042253001322584166
2018-12-05,-0.0
2018-12-06,0.03633913871056734
2018-12-07,0.03299206118295785
2018-12-10,-0.004653205971423828
2018-12-11,-0.03919522098094096
2018-12-12,-0.013042107716864357
2018-12-13,0.01286822644772038
2018-12-14,0.018313941100095592
2018-12-17,0.03237164210015
2018-12-18,0.039058120588759106
2018-12-19,0.03094103533326799
2018-12-20,-0.027896129607591892
2018-12-21,0.013802936176777275
2018-12-24,0.05931667077039644
2018-12-25,-0.0
2018-12-26,-0.07425687331385335
2018-12-27,0.05570201164963601
2018-12-28,0.040969436508884335
2018-12-31,0.041600338073586006
2019-01-01,-0.0
2019-01-02,0.008392436755071698
2019-01-03,0.10970159051419068
2019-01-04,-0.11055875777217078
2019-01-07,-0.03332965718006289
2019-01-08,-0.04468749579348716
2019-01-09,0.009946394581963268
2019-01-10,0.004486755343966293
2019-01-11,0.02589633218842647
2019-01-14,0.0027033623465932506
2019-01-15,-0.0014183203343361359
2019-01-16,-0.013026517707956705
2019-01-17,-0.02384538772825582
2019-01-18,-0.04467037327109018
2019-01-21,-0.0
2019-01-22,0.04303286925576717
2019-01-23,-0.011210292120063515
2019-01-24,0.029811127375339693
2019-01-25,-0.037354013694960206
2019-01-28,0.005468002629609171
2019-01-29,0.03184714812590356
2019-01-30,0.043188806209279104
2019-01-31,0.060569145558464044
2019-02-01,-0.06853483784998152
2019-02-04,-0.015487955705689465
2019-02-05,0.010335064615937816
2019-02-06,0.009124248627155543
2019-02-07,0.037349458454426186
2019-02-08,0.022190036303527713
2019-02-11,-0.02621593377041344
2019-02-12,-0.01897930122477395
2019-02-13,-0.030951936674832942
2019-02-14,0.036470456356408096
2019-02-15,-0.012419269997793286
2019-02-18,-0.0
2019-02-19,0.01709503053690238
2019-02-20,-0.0
2019-02-21,-0.03115190225422924
2019-02-22,0.03981023247268415
2019-02-25,-0.018390025447123596
2019-02-26,0.02649461318559191
2019-02-27,-0.02693904739444655
2019-02-28,-0.022565578119247594
2019-03-01,-0.03009736804501163
2019-03-04,0.013412392863431037
2019-03-05,-0.0
2019-03-06,0.030109667014405952
2019-03-07,0.044098887886588826
2019-03-08,0.01764445608377196
2019-03-11,-0.01767577463869654
2019-03-12,0.021833746077154857
2019-03-13,-0.003563562713500066
2019-03-14,-0.009380910735484239
2019-03-15,0.02703810518517958
2019-03-18,-0.017121200633176653
2019-03-19,-0.0053361918594182055
2019-03-20,0.060458492711675964
2019-03-21,-0.004845637524294137
2019-03-22,0.08829588038721968
2019-03-25,0.03543309920809582
2019-03-26,0.02111888859019247
2019-03-27,0.01089847901343752
2019-03-28,-0.01183500137644819
2019-03-29,-0.03131321776957517
2019-04-01,-0.06087601172183506
2019-04-02,0.025987451838063436
2019-04-03,-0.030457413900620543
2019-04-04,0.0003377623223487348
2019-04-05,-0.00672427622356075
2019-04-08,-0.012532475629336553
2019-04-09,0.012207482777235271
2019-04-10,0.03167586856698978
2019-04-11,-0.031567594378761235
2019-04-12,-0.05037027179149566
2019-04-15,0.0035171982128036094
2019-04-16,-0.019468239758176294
2019-04-17,0.008703243118283062
2019-04-18,0.017372191820668854
2019-04-19,-0.0
2019-04-22,-0.0035421724726851394
2019-04-23,0.020450879091139327
2019-04-24,0.03449948506189543
2019-04-25,-0.008598265201941735
2019-04-26,0.03955301107000951
2019-04-29,-0.0202867112155306
2019-04-30,0.028669399393287703
2019-05-01,-0.030735556834013335
2019-05-02,-0.03071014143326108
2019-05-03,0.013693687690831782
2019-05-06,0.01969620790075502
2019-05-07,0.03088055445786543
2019-05-08,-0.019454637251324566
2019-05-09,0.0298202342249302
2019-05-10,-0.002970084085979373
2019-05-13,0.0649949854568161
2019-05-14,-0.016163590437046908
2019-05-15,-0.03503779409174087
2019-05-16,0.02917580461806554
2019-05-17,0.0028426329826637666
2019-05-20,-0.016401368260546546
2019-05-21,-0.031094552459100158
2019-05-22,0.026444123489169788
2019-05-23,-0.07748855691176067
2019-05-24,0.022667914430293135
2019-05-27,0.0
2019-05-28,-0.03647503576432728
2019-05-29,-0.017366921139286135
2019-05-30,-0.02025148163557384
2019-05-31,-0.08092841834189601
2019-06-03,-0.09020426371193634
2019-06-04,0.04550816564843953
2019-06-05,-0.0321903424982952
2019-06-06,-0.029493472346510965
2019-06-07,0.022409576828200863
2019-06-10,-0.03949904755257212
2019-06-11,-0.01670159157603256
2019-06-12,0.033583100713745165
2019-06-13,0.033337732063595235
2019-06-14,-0.007182894716133999
2019-06-17,-0.009041880013496437
2019-06-18,0.005119334331915717
2019-06-19,0.0692407577924777
2019-06-20,0.01669988816023112
2019-06-21,-0.03774829102187818
2019-06-24,0.035154863996631515
2019-06-25,0.0097094888174312
2019-06-26,-0.045035036215040236
2019-06-27,0.023900367562022563
2019-06-28,-0.004319691591221326
2019-07-01,-0.02125768102737432
2019-07-02,0.015642484746693414
2019-07-03,0.0029210346740727072
2019-07-04,-0.0
2019-07-05,-0.07086872263132724
2019-07-08,-0.00996968392254744
2019-07-09,-0.02251550666384932
2019-07-10,0.058848963007291075
2019-07-11,-0.0301140223694273
2019-07-12,0.009952368016267628
2019-07-15,0.010154726507659924
2019-07-16,-0.02821400015075969
2019-07-17,0.031555407510624564
2019-07-18,0.03888591073325667
2019-07-19,-0.01790522202381564
2019-07-22,-0.0
2019-07-23,-0.02120924705399881
2019-07-24,0.003558387028524883
2019-07-25,-0.021232746145289194
2019-07-26,-0.0
2019-07-29,0.00732850274128006
2019-07-30,-0.0
2019-07-31,-0.014051150585056515
2019-08-01,0.11333401038983547
2019-08-02,0.011092729658256934
2019-08-05,0.08682168338035952
2019-08-06,0.0030739801349642525
2019-08-07,0.0075230059770319
2019-08-08,-0.01823848908622066
2019-08-09,-0.014012005423957051
2019-08-12,0.04749524333611205
2019-08-13,0.05839469974003525
2019-08-14,-0.05289629118614367
2019-08-15,-0.07043821117329185
2019-08-16,-0.00018507334818454815
2019-08-19,0.03633154721518995
2019-08-20,-0.02789420076786622
2019-08-21,0.04041765596011643
2019-08-22,0.029952612103057545
2019-08-23,-0.07175042408275599
2019-08-26,0.021746377879682807
2019-08-27,-0.012182811130038988
2019-08-28,-0.021759981296493897
2019-08-29,0.021375506337571393
2019-08-30,-0.01632836230268894
2019-09-02,0.0
2019-09-03,-0.024274712189096218
2019-09-04,-0.026768721942721133
2019-09-05,0.08186502349870903
2019-09-06,-0.011007704927013674
2019-09-09,0.03938976298926492
2019-09-10,0.06280941958668247
2019-09-11,0.009026635147123136
2019-09-12,0.03113805417349686
2019-09-13,0.056858810338851595
2019-09-16,-0.03854343684580871
2019-09-17,-0.017088070661533256
2019-09-18,0.02934923280116775
2019-09-19,0.01937843479723404
2019-09-20,0.0352607088701348
2019-09-23,0.009046438028684224
2019-09-24,0.049032534181770976
2019-09-25,-0.048759265765823054
2019-09-26,0.008759240876918806
2019-09-27,0.018342954631965613
2019-09-30,0.001306548170007132
2019-10-01,0.03382839559342152
2019-10-02,0.043108568084418576
2019-10-03,0.047475602956213364
2019-10-04,-0.005576271355928888
2019-10-07,-0.02794858172855282
2019-10-08,0.017562726778538266
2019-10-09,-0.022237350641621724
2019-10-10,-0.031336685337389425
2019-10-11,-0.05292668878776702
2019-10-14,0.0
2019-10-15,0.008770493428500612
2019-10-16,0.015529990879148949
2019-10-17,0.00759245568665489
2019-10-18,-0.01097468171638096
2019-10-21,0.028004880627658817
2019-10-22,-0.010199404823641262
2019-10-23,-0.013938844707838117
2019-10-24,0.0
2019-10-25,0.03339889056483793
2019-10-28,0.016169123321073446
2019-10-29,0.0001886263776005182
2019-10-30,-0.031068416820962994
2019-10-31,-0.07681272090636644
2019-11-01,0.03270567778873437
2019-11-04,0.03667243668992323
2019-11-05,0.03634173542272201
2019-11-06,-0.02086054073127624
2019-11-07,0.07505208413772028
2019-11-08,0.00034934918793844827
2019-11-11,-0.0
2019-11-12,0.01347933254236064
2019-11-13,0.030472354768176946
2019-11-14,0.04807991014567636
2019-11-15,-0.022049253953547284
2019-11-18,0.013467371928108509
2019-11-19,0.0007552661494445787
2019-11-20,0.040069313457480195
2019-11-21,-0.035327714052941495
2019-11-22,0.004457639274053295
2019-11-25,-0.0004110043936419554
2019-11-26,-0.03007400031309091
2019-11-27,0.04332764540261164
2019-11-28,0.0
2019-11-29,-0.012458545652888365
2019-12-02,0.014031187202417531
2019-12-03,-0.08405985873975688
2019-12-04,0.048338840141662245
2019-12-05,0.009157869249508769
2019-12-06,-0.03500165930137064
2019-12-09,-0.008656200500120007
2019-12-10,-0.013744028754600754
2019-12-11,0.036177907494625
2019-12-12,-0.062208014865689276
2019-12-13,0.053339807957508284
2019-12-16,-0.04444184712656428
2019-12-17,0.013313566819845468
2019-12-18,-0.012755359153436934
2019-12-19,0.008684806817399478
2019-12-20,-0.004700346622369123
2019-12-23,-0.012934906652374954
2019-12-24,0.022108111880769797
2019-12-25,-0.0
2019-12-26,-0.009536089320740267
2019-12-27,0.04015016438594024
2019-12-30,0.004384272547931535
2019-12-31,-0.004376029846466374
2020-01-01,-0.0
2020-01-02,0.008854420232530927
2020-01-03,0.057808834725840544
2020-01-06,-0.013053131544218652
2020-01-07,-0.004440717754971521
2020-01-08,-0.040297318042554896
2020-01-09,0.008484603527340486
2020-01-10,0.018197706975029357
2020-01-13,-0.018206545437719136
2020-01-14,0.008739771994571785
2020-01-15,0.022467319471126835
2020-01-16,-0.022262816153432077
2020-01-17,-0.0006423715579945535
2020-01-20,-0.0
2020-01-21,0.0499086253386144
2020-01-22,0.0001917832611991002
2020-01-23,0.01845683206936913
2020-01-24,0.026828672776472502
2020-01-27,0.05464977144316825
2020-01-28,-0.0179055155599356
2020-01-29,0.04018553876559434
2020-01-30,0.013634876296464135
2020-01-31,0.06898430370959564
2020-02-03,-0.027550924091026368
2020-02-04,-0.05448871611450015
2020-02-05,-0.031993263882281756
2020-02-06,0.004269781127028646
2020-02-07,0.032154255471613734
2020-02-10,0.03251154328550591
2020-02-11,-0.028401835035846753
2020-02-12,-0.03590927117395537
2020-02-13,0.008445861034964298
2020-02-14,0.014326623539514215
2020-02-17,-0.0
2020-02-18,0.018173499799289537
2020-02-19,-0.013461217977903384
2020-02-20,0.03228405151033973
2020-02-21,0.05518640695105313
2020-02-24,0.07881106633659633
2020-02-25,0.0515567521851971
2020-02-26,0.027954205327835303
2020-02-27,0.03776713935734551
2020-02-28,0.21892877768534091
2020-03-02,0.014608859788078632
2020-03-03,0.11178079629341749
2020-03-04,0.0278072907109785
2020-03-05,0.07513913744362072
2020-03-06,0.09122794543393531
2020-03-09,0.10965834161985769
2020-03-10,-0.1369582185900539
2020-03-11,-0.015224029607644147
2020-03-12,-0.002243730932411456
2020-03-13,-0.015222768983175866
2020-03-16,0.15994007612609548
2020-03-17,-0.13692264350192762
2020-03-18,-0.09667049651664301
2020-03-19,0.1067128096814382
2020-03-20,0.10553826663222855
2020-03-23,0.11317541233693945
2020-03-24,-0.11396036596056093
2020-03-25,-0.0033083504922443254
2020-03-26,0.043529077793731004
2020-03-27,0.07431212202184125
2020-03-30,0.019133784970747348
2020-03-31,-0.009551907295351245
2020-04-01,-0.003432250281461086
2020-04-02,0.009984724110143735
2020-04-03,-0.0004454355179679184
2020-04-06,0.04321963450725504
2020-04-07,0.02694269814234299
2020-04-08,-0.008160174627485488
2020-04-09,-0.04753111090000015
2020-04-10,0.0
2020-04-13,0.02419766606669498
2020-04-14,-0.018249422514295732
2020-04-15,-0.05625699063751329
2020-04-16,0.00392144840808043
2020-04-17,0.006301467849502555
2020-04-20,-0.005504505964159777
2020-04-21,-0.006647315206096011
2020-04-22,0.024890202571026254
2020-04-23,-0.0007597118774607888
2020-04-24,-0.005108014323193867
2020-04-27,0.035112766832765374
2020-04-28,-0.038401852855809084
2020-04-29,-0.004344051734512608
2020-04-30,0.0003784594056258003
2020-05-01,0.0
2020-05-04,-0.004389834539753619
2020-05-05,0.0007719115423728987
2020-05-06,-0.0017304345839055462
2020-05-07,-0.058634365544269505
2020-05-08,0.03427140976986949
2020-05-11,0.020051330790272093
2020-05-12,-0.011034475710015776
2020-05-13,-0.02043262921359078
2020-05-14,-0.0004327527432259244
2020-05-15,0.00043041541426096436
2020-05-18,0.04501565859570917
2020-05-19,-0.019535639593887846
2020-05-20,-0.009772414121638557
2020-05-21,0.008708169166370188
2020-05-22,-0.005746508850519265
2020-05-25,0.0
2020-05-26,0.010437425702382645
2020-05-27,-0.0012662331770776616
2020-05-28,-0.006425697841986697
2020-05-29,-0.025921502446862817
2020-06-01,-0.00227238600373644
2020-06-02,0.017637253544056365
2020-06-03,0.043278804914343
2020-06-04,0.014188475009716397
2020-06-05,0.0522970923006668
2020-06-08,-0.012445572109684538
2020-06-09,-0.034396655208831534
2020-06-10,-0.05303383142074572
2020-06-11,-0.008835349187455223
2020-06-12,0.010899213551935221
2020-06-15,0.0
2020-06-16,0.016371022419508167
2020-06-17,-0.007797620071181169
2020-06-18,-0.0041423425891748316
2020-06-19,-0.005996779636413091
2020-06-22,0.006014531789586279
2020-06-23,-0.006252112419585872
2020-06-24,-0.001290593079336269
2020-06-25,-0.012172535286290326
2020-06-26,-0.015181067786097704
2020-06-29,-0.012179644289177245
2020-06-30,0.007636226177168615
2020-07-01,0.016713847883022395
2020-07-02,-0.013631277604378295
2020-07-03,0.0
2020-07-06,0.010744292551500641
2020-07-07,-0.015479810801190728
2020-07-08,0.007750171537931049
2020-07-09,-0.017060549871030492
2020-07-10,0.013897454315191815
2020-07-13,-0.0015888127707914174
2020-07-14,-0.01624791123190616
2020-07-15,0.007081482554630128
2020-07-16,-0.0031574340983319825
2020-07-17,0.002289681461912171
2020-07-20,0.002274935593675036
2020-07-21,-0.016210613416609048
2020-07-22,-0.0016370186428050755
2020-07-23,0.0036672880611479768
2020-07-24,-0.005314804766925796
2020-07-27,0.02149110585151788
2020-07-28,-0.026145631915936426
2020-07-29,-0.011584857894372014
2020-07-30,-0.016966847662426395
2020-07-31,-0.009201534552406554
2020-08-03,0.006322933570446224
2020-08-04,-0.02071832314261708
2020-08-05,0.01901580978141428
2020-08-06,-0.00460452192565675
2020-08-07,0.017871570261044398
2020-08-10,0.010680305456969177
2020-08-11,0.027706363284857382
2020-08-12,0.022580855859284897
2020-08-13,0.012731709898371944
2020-08-14,-0.018939380872980405
2020-08-17,-0.0034888876518832748
2020-08-18,-0.01275291822756333
2020-08-19,0.011007478940923745
2020-08-20,-0.021586235851846377
2020-08-21,0.009968210539743262
2020-08-24,0.0016978594391223786
2020-08-25,0.018731568052991553
2020-08-26,-0.006870622631565187
2020-08-27,0.022786527743775646
2020-08-28,-0.018381957821696864
2020-08-31,-0.0035977834808506473
2020-09-01,-0.018653510851661764
2020-09-02,-0.0013855357553157243
2020-09-03,-0.01676840688107413
2020-09-04,0.045864897426112064
2020-09-07,0.0
2020-09-08,-0.01454717472617042
2020-09-09,0.0035964237135301773
2020-09-10,-0.014537181582741256
2020-09-11,-0.0038862578043203076
2020-09-14,0.00843497044671546
2020-09-15,0.0
2020-09-16,0.00635586760606411
2020-09-17,-0.0019658988293978796
2020-09-18,0.00825896453576218
2020-09-21,-0.0126705575137678
2020-09-22,-0.0018340230470876716
2020-09-23,0.006190523789011779
2020-09-24,-0.006302246412393585
2020-09-25,-0.00978684565817214
2020-09-28,0.005417915563989769
2020-09-29,-0.015817519755191196
2020-09-30,0.02661485097728848
2020-10-01,-0.004562818417734158
2020-10-02,0.006521317925120592
2020-10-05,0.0388851874861699
2020-10-06,-0.008221545010643105
2020-10-07,0.026064868193312198
2020-10-08,-0.019464879727585312
2020-10-09,0.011219177774906877
2020-10-12,0.0
2020-10-13,-0.02262850994374316
2020-10-14,-0.009498446387788448
2020-10-15,0.010444825297853576
2020-10-16,0.00398280808962495
2020-10-19,0.01566606399474811
2020-10-20,0.002720111974062816
2020-10-21,0.012378872403087531
2020-10-22,0.0195797059551603
2020-10-23,-0.004984114283891002
2020-10-26,-0.01955650598429948
2020-10-27,-0.008213409939014217
2020-10-28,0.0
2020-10-29,0.028814652756121717
2020-10-30,0.0030345968796262374
2020-11-02,0.0010403942178520984
2020-11-03,0.01179499733226775
2020-11-04,-0.05389896788681341
2020-11-05,0.002039008824937402
2020-11-06,0.0236141367779292
2020-11-09,0.06109302003547817
2020-11-10,0.015392263492096598
2020-11-11,0.0
2020-11-12,-0.04826308724565558
2020-11-13,0.006174365808337299
2020-11-16,0.007134286362062816
2020-11-17,-0.01797690386271378
2020-11-18,0.0031348553531247783
2020-11-19,-0.005193298726537293
2020-11-20,-0.01333146686992991
2020-11-23,0.010330945864093981
2020-11-24,0.00415816594791325
2020-11-25,0.0014858069797889833
2020-11-26,0.0
2020-11-27,-0.018142472518989608
2020-11-30,-0.004132171896661795
2020-12-01,0.04315027984652748
2020-12-02,0.004933448420596811
2020-12-03,-0.014656377343604726
2020-12-04,0.01896248762172651
2020-12-07,-0.017527098912262465
2020-12-08,-0.008421888302745723
2020-12-09,0.017541811527679287
2020-12-10,-0.01756134010216376
2020-12-11,-0.016800907396681906
2020-12-14,0.002828249247552059
2020-12-15,0.0016169163150092929
2020-12-16,0.0028425643826970426
2020-12-17,0.008547939584545805
2020-12-18,0.006304239719642711
2020-12-21,0.0
2020-12-22,-0.01263257661133314
2020-12-23,0.01090522437754562
2020-12-24,-0.008651176680372333
2020-12-25,0.0
2020-12-28,0.004002083443597279
2020-12-29,-0.0053690581572414875
2020-12-30,-0.0023977086506724926
2020-12-31,-0.0026288052619516432
2021-01-01,0.0
2021-01-04,-0.0026401214645403602
2021-01-05,0.0179772926859565
2021-01-06,0.04109885573774638
2021-01-07,0.021944569836477162
2021-01-08,0.024523111449253857
2021-01-11,0.009056945079157283
2021-01-12,0.0
2021-01-13,-0.02079176626640277
2021-01-14,0.01928627187786986
2021-01-15,-0.02585735823224792
2021-01-18,0.0
2021-01-19,-0.0053633160383459895
2021-01-20,-0.001180562717300234
2021-01-21,0.005202320729686695
2021-01-22,-0.009157510558822805
2021-01-25,-0.02091831906416977
2021-01-26,-0.0023340975933477844
2021-01-27,-0.0053780208276829455
2021-01-28,0.011748491437509678
2021-01-29,0.021067461943065937
2021-02-01,-0.01701805191644438
2021-02-02,0.01960929841125099
2021-02-03,0.011723981691268374
2021-02-04,0.0
2021-02-05,0.011974001782962061
2021-02-08,0.006129364303692883
2021-02-09,-0.0025700136266138124
2021-02-10,-0.015106117053764528
2021-02-11,0.0025697810638147453
2021-02-12,-0.02290034667879033
2021-02-15,0.0
2021-02-16,-0.04056013662008608
2021-02-17,0.00042435647289006204
2021-02-18,0.0006629464600253002
2021-02-19,-0.017437701107518754
2021-02-22,-0.010562872984137961
2021-02-23,-1.6220927762558016e-05
2021-02-24,-0.0007173065066875452
2021-02-25,-0.04053186364213381
2021-02-26,0.027379404944858972
2021-03-01,-0.011499266083531402
2021-03-02,0.0077400748078209555
2021-03-03,-0.00899027861311034
2021-03-04,-0.02280033394977529
2021-03-05,-0.004712531308852632
2021-03-08,0.00839454584009624
2021-03-09,0.011915481806363638
2021-03-10,0.0006951655802328489
2021-03-11,-0.013558232266115557
2021-03-12,0.03309075348645531
2021-03-15,0.007531658392931914
2021-03-16,0.002139575581914406
2021-03-17,-0.01577736925486531
2021-03-18,-0.016801392185621218
2021-03-19,-0.007791936548730797
2021-03-22,0.014570900619904544
2021-03-23,0.020926359745676876
2021-03-24,0.0008645760460813693
2021-03-25,-0.006204318208403077
2021-03-26,-0.012895591493246648
2021-03-29,-0.0201514326896124
2021-03-30,0.009872306421476917
2021-03-31,-1.5574490010340433e-05
2021-04-01,0.024051620182105122
2021-04-02,0.010463747665288459
2021-04-05,-0.020424537998447918
2021-04-06,0.011014035992426934
2021-04-07,-0.007660698011390299
2021-04-08,0.007377571691182253
2021-04-09,-0.002270900863161328
2021-04-12,0.0027777428954536536
2021-04-13,0.007250598777532161
2021-04-14,0.005126591263868043
2021-04-15,0.025473096207594685
2021-04-16,-0.007650902240609212
2021-04-19,-0.007652747523364128
2021-04-20,0.001221168236248708
2021-04-21,0.005089278939850005
2021-04-22,0.003915684731219576
2021-04-23,1.2243790665971387e-05
2021-04-26,0.01289526329431522
2021-04-27,-0.021594902107156578
2021-04-28,-0.0051934731552903644
2021-04-29,-0.014050598426899366
2021-04-30,0.0
2021-05-03,0.0048478836977142465
2021-05-04,0.004827461161520699
2021-05-05,0.004774921427897054
2021-05-06,0.007834696172482504
2021-05-07,-0.028958718846966935
2021-05-10,0.0008832794392286854
2021-05-11,-0.005095844076465371
2021-05-12,-0.00563553287279174
2021-05-13,0.006769546339659141
2021-05-14,0.009562579795712692
2021-05-17,0.0006949746441747267
2021-05-18,-0.0028636205221351766
2021-05-19,-0.008573735305442223
2021-05-20,0.00948345645502497
2021-05-21,0.011176075482477506
2021-05-24,-0.0038839021598579757
2021-05-25,0.016797228950159754
2021-05-26,-0.011455378955790355
2021-05-27,-0.012763395483758194
2021-05-28,0.009291438139363551
2021-05-31,0.0
2021-06-01,-0.0061959443631677685
2021-06-02,0.0007190800261453328
2021-06-03,0.005110603005300269
2021-06-04,0.0077659896765507955
2021-06-07,0.006367083086857147
2021-06-08,0.006613926235702287
2021-06-09,0.016831491674762812
2021-06-10,0.012496364897799258
2021-06-11,0.009492529692258238
2021-06-14,-0.005350716565007081
2021-06-15,-0.004460497964333729
2021-06-16,0.03070354086489023
2021-06-17,0.04197862765071691
2021-06-18,0.04888754714213779
2021-06-21,-0.02055499384432622
2021-06-22,-0.011048814413469204
2021-06-23,0.006656889995961654
2021-06-24,0.00586918421263049
2021-06-25,-0.010719368925656468
2021-06-28,0.0053339807267461445
2021-06-29,0.005463488348787572
2021-06-30,0.004287776561488019
2021-07-01,-0.008637394908371957
2021-07-02,0.005060147281536
2021-07-05,0.0
2021-07-06,0.008630809772521827
2021-07-07,0.01450408216231687
2021-07-08,-0.019258350765843174
2021-07-09,0.000975439084002154
2021-07-12,0.00270841486374069
2021-07-13,0.008582863060074043
2021-07-14,-0.006825526930155739
2021-07-15,0.02678199955531495
2021-07-16,0.013653110604722978
2021-07-19,0.017055135518438208
2021-07-20,-0.03346835421313698
2021-07-21,-0.01459090472873252
2021-07-22,-0.0016005925388771249
2021-07-23,-0.007558302193182497
2021-07-26,0.01076500516474366
2021-07-27,0.011036820315869462
2021-07-28,-0.0026005032864429263
2021-07-29,-0.009334773704731833
2021-07-30,0.0069804079616278165
2021-08-02,0.0075263346583809565
2021-08-03,0.002680477206318108
2021-08-04,0.008103873266728678
2021-08-05,0.00784944237030415
2021-08-06,-0.033742248097498366
2021-08-09,0.001669508530749056
2021-08-10,-0.004748387246271517
2021-08-11,-0.0007458631619448701
2021-08-12,0.0012286892239780443
2021-08-13,0.031167356358756445
2021-08-16,-0.0026839142019143974
2021-08-17,0.014896113535404843
2021-08-18,0.0012590888850263727
2021-08-19,0.013318739965622543
2021-08-20,-0.0027103006271900314
2021-08-23,-0.0011183826890966758
2021-08-24,-0.016757116414157527
2021-08-25,-0.028833489958167546
2021-08-26,0.01310956510117747
2021-08-27,-0.008425147932556953
2021-08-30,-0.0002778511741291616
2021-08-31,-0.0069707635001067135
2021-09-01,-0.002921112325933741
2021-09-02,0.013909878375565591
2021-09-03,-0.024689799650718124
2021-09-06,0.0
2021-09-07,-0.015379234416666464
2021-09-08,0.016823159091970977
2021-09-09,0.029850374810724077
2021-09-10,-0.02270260064243318
2021-09-13,0.0037380063636758675
2021-09-14,0.026859277871770844
2021-09-15,-0.012896269506949134
2021-09-16,-0.0023283129764803748
2021-09-17,-0.004684175589410183
2021-09-20,0.02138960003020021
2021-09-21,-0.013170180213943956
2021-09-22,0.025524124854731163
2021-09-23,-0.022659442790244233
2021-09-24,-0.02206077263553467
2021-09-27,0.004139327463296588
2021-09-28,-0.025775413965994726
2021-09-29,-0.014349276837487646
2021-09-30,0.001786020425441015
2021-10-01,0.004321620318682804
2021-10-04,0.0009567618837722841
2021-10-05,-0.0191384864600374
2021-10-06,0.017978171127049497
2021-10-07,-0.015468943777293291
2021-10-08,-0.0091461947674646
2021-10-11,0.0
2021-10-12,0.03624052049490375
2021-10-13,0.03167167700543183
2021-10-14,0.007720144820067838
2021-10-15,0.0032338584315070515
2021-10-18,0.024054849724318535
2021-10-19,-0.04725684533241231
2021-10-20,-0.008440368497631348
2021-10-21,0.030389679239793445
2021-10-22,0.01633656830261659
2021-10-25,-0.006741229525987776
2021-10-26,-0.00029079835851370325
2021-10-27,0.010285675997858559
2021-10-28,0.0026449733483924092
2021-10-29,-0.01442118776042682
2021-11-01,0.014515837919584804
2021-11-02,-0.02256868748876568
2021-11-03,0.008330194415745763
2021-11-04,-0.03775129617142986
2021-11-05,-0.018607539282369703
2021-11-08,0.03611328569676623
2021-11-09,-0.026761116880881675
2021-11-10,0.060281697294348624
2021-11-11,0.0
2021-11-12,0.014310776781286269
2021-11-15,0.00429655456706762
2021-11-16,-0.005644971709014362
2021-11-17,0.013159024850749596
2021-11-18,-0.001025122116756809
2021-11-19,0.002160680554813482
2021-11-22,-0.07109047165163669
2021-11-23,-0.021244139249923327
2021-11-24,0.0285411073344189
2021-11-25,0.0
2021-11-26,-0.07767111491293294
2021-11-29,0.003575141361684131
2021-11-30,0.015210806241020806
2021-12-01,0.027919972025549654
2021-12-02,0.04347834915121872
2021-12-03,-0.00544881872164277
2021-12-06,0.01929147837535972
2021-12-07,0.024530416431676427
2021-12-08,-0.02052750446593958
2021-12-09,0.019355097293019034
2021-12-10,-0.01884802583502713
2021-12-13,0.006621556600451386
2021-12-14,0.0015756445245448938
2021-12-15,0.005663492226818601
2021-12-16,-0.022739718217053933
2021-12-17,0.021222358327461777
2021-12-20,-0.010458660478291314
2021-12-21,0.01772332386254826
2021-12-22,-0.008600297748308186
2021-12-23,0.010038915967956984
2021-12-24,0.0
2021-12-27,0.03805112940296169
2021-12-28,-0.016850824183518933
2021-12-29,-0.008947901367982382
2021-12-30,-0.004521424119882058
2021-12-31,0.0009106680723021748
2022-01-03,-0.0037638406141493053
2022-01-04,-0.013399823500891465
2022-01-05,0.020401658630123186
2022-01-06,0.0227865198420431
2022-01-07,-0.016508183364446035
2022-01-10,0.022994425213283355
2022-01-11,-0.00293696421403759
2022-01-12,0.0157035309800984
2022-01-13,0.007174373191589578
2022-01-14,0.01822699008412063
2022-01-17,0.0
2022-01-18,0.004970738192516769
2022-01-19,0.002794738749905051
2022-01-20,0.022647749189665427
2022-01-21,-0.006420409432346046
2022-01-24,-0.009387458774316636
2022-01-25,0.003367523450061912
2022-01-26,0.022103050693055067
2022-01-27,0.036478604880277835
2022-01-28,0.0023397017480459425
2022-01-31,0.009914520731414873
2022-02-01,-0.0074863386082075906
2022-02-02,0.005333143370639223
2022-02-03,-0.010524022705546646
2022-02-04,-0.004461708830852635
2022-02-07,0.003082831811875787
2022-02-08,-0.002217536281824046
2022-02-09,0.007171098585150923
2022-02-10,0.038159625109959364
2022-02-11,0.019350713177939023
2022-02-14,-0.002782968358660008
2022-02-15,-0.030177632287089494
2022-02-16,-0.004499043178730684
2022-02-17,0.02031157073872621
2022-02-18,0.015575325864184843
2022-02-21,0.0
2022-02-22,0.01588705972403125
2022-02-23,-0.019244656837355
2022-02-24,0.010541239368670935
2022-02-25,-0.005728866196893713
2022-02-28,0.0506825027598852
2022-03-01,0.03691088453138684
2022-03-02,-0.03665783806108768
2022-03-03,0.009527718912496482
2022-03-04,0.05407404793782556
2022-03-07,-0.015480411037043059
2022-03-08,-0.02796660782654929
2022-03-09,-0.03122691205703329
2022-03-10,-0.016095348531851163
2022-03-11,-0.010092778374237615
2022-03-14,-0.0521595418736712
2022-03-15,-0.009467737551322169
2022-03-16,-0.007883054397865765
2022-03-17,-0.0028689010973905484
2022-03-18,0.03876550712799197
2022-03-21,-0.06729868582140863
2022-03-22,-0.026692551846887617
2022-03-23,0.02008177472581701
2022-03-24,-0.016709400720915073
2022-03-25,-0.05168262836997902
2022-03-28,0.02601738306241375
2022-03-29,0.03316963720766056
2022-03-30,0.023430455723292228
2022-03-31,0.006767932922763755
2022-04-01,-0.01580864874453799
2022-04-04,-0.01622537350483142
2022-04-05,-0.05768436015319103
2022-04-06,-0.028862536609943708
2022-04-07,-0.025472789448933466
2022-04-08,-0.02064232412211136
2022-04-11,-0.04230171395272633
2022-04-12,0.03200780529636184
2022-04-13,-0.00013063320102137815
2022-04-14,-0.05411168935961659
2022-04-15,0.0
2022-04-18,-0.00960507214456383
2022-04-19,-0.018202357390888612
2022-04-20,0.036013333026709685
2022-04-21,-0.021125111276961383
2022-04-22,0.02006031696063092
2022-04-25,0.03407797532574268
2022-04-26,0.0009452382201612011
2022-04-27,-0.00988784749175416
2022-04-28,-0.010795115540815222
2022-04-29,-0.01099989347322541
2022-05-02,-0.05333462089331653
2022-05-03,0.02240956282546512
2022-05-04,0.001972863169643971
2022-05-05,-0.04975000623706278
2022-05-06,-0.03633762173152205
2022-05-09,0.02511753844771463
2022-05-10,0.03607114428299647
2022-05-11,0.044943179878167504
2022-05-12,0.018030073858612473
2022-05-13,-0.04035095933951714
2022-05-16,0.027144496225222504
2022-05-17,-0.03545637907007315
2022-05-18,0.043458547962760705
2022-05-19,0.017317128457690734
2022-05-20,0.023571769531303244
2022-05-23,-0.03727083620259067
2022-05-24,0.02541267483441853
2022-05-25,0.013460288719263589
2022-05-26,-0.0029685550560557858
2022-05-27,0.003236784534674996
2022-05-30,0.0
2022-05-31,-0.051365099989826773
2022-06-01,-0.03283978213842541
2022-06-02,0.010148734451146432
2022-06-03,-0.020170050194352283
2022-06-06,-0.031241732375304632
2022-06-07,0.039309961074760216
2022-06-08,-0.020543381579083975
2022-06-09,-0.00021152451068385224
2022-06-10,-0.021806292262945157
2022-06-13,-0.08650559548720121
2022-06-14,-0.020583191445588442
2022-06-15,0.04800999442800827
2022-06-16,0.008563859777675945
2022-06-17,0.021685654333707973
2022-06-20,0.0
2022-06-21,-0.02032379455065532
2022-06-22,0.051964822718521854
2022-06-23,0.030577500760547396
2022-06-24,-0.01553419583559004
2022-06-27,-0.027256295616375124
2022-06-28,0.0027962385477168198
2022-06-29,0.043188208779320114
2022-06-30,0.031055041885201185
2022-07-01,0.034718217455070394
2022-07-04,0.0
2022-07-05,0.021638862737168148
2022-07-06,-0.0030823585268679315
2022-07-07,-0.011453119951728579
2022-07-08,0.003497519006574197
2022-07-11,0.01404630331673085
2022-07-12,0.00864671735358689
2022-07-13,0.06042134904300439
2022-07-14,0.0014020857873660152
2022-07-15,-0.003664577229807132
2022-07-18,0.004708109783581949
2022-07-19,0.04910859558832819
2022-07-20,0.014036723726141443
2022-07-21,-0.09836005142671564
2022-07-22,-0.06908885093572754
2022-07-25,0.007911959488766579
2022-07-26,0.01055122158817853
2022-07-27,-0.0473083560540506
2022-07-28,-0.07881675303121242
2022-07-29,0.026599163147727835
2022-08-01,0.006996260629090491
2022-08-02,0.11693091964323457
2022-08-03,0.02888384511375709
2022-08-04,-0.06081071725816094
2022-08-05,0.15455260071001461
2022-08-08,-0.024732545314937925
2022-08-09,0.052680350847293854
2022-08-10,-0.03718965307711477
2022-08-11,0.00024247201059195145
2022-08-12,0.013249187185761917
2022-08-15,-0.038693255837842305
2022-08-16,0.035755204210650725
2022-08-17,0.03398583423767009
2022-08-18,-0.03854290828997301
2022-08-19,0.028644256334476738
2022-08-22,0.05032195677385504
2022-08-23,-0.017405096245759102
2022-08-24,0.03558178975044904
2022-08-25,-0.0072696755393135675
2022-08-26,0.02577835006001337
2022-08-29,0.03671711519306908
2022-08-30,0.025000051363668802
2022-08-31,-0.0034896783455646233
2022-09-01,0.04360855308808752
2022-09-02,-0.08181675109073083
2022-09-05,0.0
2022-09-06,0.07572421595533295
2022-09-07,-0.03713412111468253
2022-09-08,0.020215038629170266
2022-09-09,0.05846851033669249
2022-09-12,0.010552707604362877
2022-09-13,0.12551590571259563
2022-09-14,0.02592672040115328
2022-09-15,0.06463996020616085
2022-09-16,-0.02411699667180034
2022-09-19,0.0739083114823437
2022-09-20,0.008696468150187028
2022-09-21,0.04531590330227535
2022-09-22,0.06881157051202583
2022-09-23,0.07203569569475378
2022-09-26,0.06135932803766844
2022-09-27,0.018283445605479592
2022-09-28,-0.17675152721768936
2022-09-29,0.06567865733091899
2022-09-30,0.046075715230717275
2022-10-03,-0.07522944504338974
2022-10-04,-0.01898512720020027
2022-10-05,0.03658190828837342
2022-10-06,0.061367626880962214
2022-10-07,0.05680918378560855
2022-10-10,0.0
2022-10-11,-0.007819149438584047
2022-10-12,-0.014197099320180238
2022-10-13,0.1352145194891987
2022-10-14,0.010635587162034322
2022-10-17,-0.026039386559960395
2022-10-18,-0.018533602741255286
2022-10-19,0.08734376304464264
2022-10-20,0.05036832897513446
2022-10-21,-0.105325834586484
2022-10-24,0.0036989431165320988
2022-10-25,0.050770194940836906
2022-10-26,-0.02072553357158993
2022-10-27,-0.07011337827762412
2022-10-28,0.08372708848037788
2022-10-31,0.06917472271036111
2022-11-01,0.023571294870634633
2022-11-02,0.0462447832907599
2022-11-03,0.07065162016710569
2022-11-04,-0.04303828952548169
2022-11-07,0.04435947394807481
2022-11-08,-0.039030006482365244
2022-11-09,-0.04370195339539564
2022-11-10,-0.20388693730641136
2022-11-11,0.0
2022-11-14,0.040815117712533794
2022-11-15,-0.02640584962832816
2022-11-16,-0.022928303644559455
2022-11-17,0.06130754960220303
2022-11-18,0.056395662983979813
2022-11-21,-0.02387854888356222
2022-11-22,-0.008470511588987656
2022-11-23,-0.013709852445776875
2022-11-24,0.0
2022-11-25,-0.028085612271890444
2022-11-28,0.03024968835892722
2022-11-29,0.01684129622211459
2022-11-30,-0.07871773981574322
2022-12-01,-0.09997015542558278
2022-12-02,0.016021440010532895
2022-12-05,0.10370194969963334
2022-12-06,-0.05307176342901467
2022-12-07,-0.07115418235401012
2022-12-08,0.05110841611414592
2022-12-09,0.018740032003010807
2022-12-12,0.046588115438499604
2022-12-13,-0.13259161668848746
2022-12-14,-2.0794380169327094e-05
2022-12-15,-0.0049647971668013765
2022-12-16,-0.03641519094767965
2022-12-19,0.07013360923962801
2022-12-20,0.027296590202567514
2022-12-21,-0.024540359176498966
2022-12-22,0.019109578153323672
2022-12-23,0.059968053500061395
2022-12-26,0.0
2022-12-27,0.032824886637952716
2022-12-28,0.005534541473916541
2022-12-29,0.004312603300413464
2022-12-30,0.05385216062951721
2023-01-02,0.0
2023-01-03,-0.025186985990527204
2023-01-04,-0.05471200917662695
2023-01-05,0.06254381355958215
2023-01-06,-0.18376647602139948
2023-01-09,-0.035843658036930126
2023-01-10,0.049994049344237554
2023-01-11,-0.04475910558961637
2023-01-12,-0.0912807494384036
2023-01-13,0.07592173460343331
2023-01-16,0.0
2023-01-17,-0.015361089205153933
2023-01-18,-0.1287372477047497
2023-01-19,0.033260403014864874
2023-01-20,0.059078428555945625
2023-01-23,0.052927059748844
2023-01-24,-0.05623555808379674
2023-01-25,-0.018944225249017455
2023-01-26,0.04370959173915244
2023-01-27,0.0261445312442361
2023-01-30,0.050995567200893606
2023-01-31,-0.038615574897760484
2023-02-01,-0.11980663601217986
2023-02-02,0.0046632389268690885
2023-02-03,0.17007995451960167
2023-02-06,0.1223109973267485
2023-02-07,0.03198279764587648
2023-02-08,-0.02406501474123418
2023-02-09,0.03584411836708178
2023-02-10,0.038809943908372474
2023-02-13,0.006191703047159896
2023-02-14,0.06600782763810094
2023-02-15,0.028417729248818
2023-02-16,0.013892222971008308
2023-02-17,-0.024979598128511922
2023-02-20,0.0
2023-02-21,0.09664547064187204
2023-02-22,-0.018426087325163668
2023-02-23,-0.022214926703802693
2023-02-24,0.09911983568619949
2023-02-27,-0.011903591266269336
2023-02-28,0.016690282492814575
2023-03-01,0.08189682427625708
2023-03-02,0.029159607625706817
2023-03-03,-0.05167335405681667
2023-03-06,0.01830952372170689
2023-03-07,0.062021595120311294
2023-03-08,0.03488710025040657
2023-03-09,-0.11932743958531764
2023-03-10,-0.2635748810547346
2023-03-13,-0.379860585879215
2023-03-14,0.12547862398410867
2023-03-15,-0.20880566304279563
2023-03-16,0.14860603781168205
2023-03-17,-0.27143288179018615
2023-03-20,0.10210072062169032
2023-03-21,0.18584215702351392
2023-03-22,-0.17253140635466552
2023-03-23,-0.15230872692091174
2023-03-24,-0.00684168915690658
2023-03-27,-0.1556728826998606
2023-03-28,-0.05242975496513494
2023-03-29,-0.042984570368929775
2023-03-30,-0.005164395811952873
2023-03-31,0.042460971060169654
2023-04-03,0.07183104263371522
2023-04-04,0.10860791570551685
2023-04-05,0.03611110394206685
2023-04-06,-0.017860105008985497
2023-04-07,-0.11412785135454825
2023-04-10,-0.02463318960234812
2023-04-11,-0.02143957187999565
2023-04-12,0.06434689561446377
2023-04-13,-0.020591520046810592
2023-04-14,-0.08752523911950325
2023-04-17,-0.07723403656419374
2023-04-18,-0.004978034207714036
2023-04-19,-0.03096004023408005
2023-04-20,0.07344443626704505
2023-04-21,-0.023700838165623364
2023-04-24,0.04231704985950302
2023-04-25,0.17948387967101612
2023-04-26,-0.028634460891733902
2023-04-27,-0.12523534474567785
2023-04-28,0.039633195902571194
2023-05-01,-0.08613225775213113
2023-05-02,0.13609240003756684
2023-05-03,0.0654902717769143
2023-05-04,0.0943620080830183
2023-05-05,-0.11987678916424242
2023-05-08,-0.061800972284392755
2023-05-09,-0.010469200766375034
2023-05-10,0.09338864334654849
2023-05-11,0.006947064607315339
2023-05-12,-0.06997285524916255
2023-05-15,-0.0069203379091169505
2023-05-16,-0.05208067540539649
2023-05-17,-0.047248185968069324
2023-05-18,-0.09133209831208931
2023-05-19,0.03922490731233097
2023-05-22,0.007568271265619866
2023-05-23,-0.018121982144442914
2023-05-24,0.022955840958080398
2023-05-25,0.1402734467829862
2023-05-26,0.02732286534032216
2023-05-29,0.0
2023-05-30,-0.07100480791980829
2023-05-31,-0.05038953958806226
2023-06-01,-0.047622522017706906
2023-06-02,0.12730131785804763
2023-06-05,-0.02667905298106422
2023-06-06,0.03454940986307749
2023-06-07,0.04700010455005139
2023-06-08,-0.03668593534778232
2023-06-09,0.05034756475923353
2023-06-12,-0.02900544802592532
2023-06-13,0.09437766896676816
2023-06-14,0.05056357989420525
2023-06-15,-0.10243769928192895
2023-06-16,0.06312783496746777
2023-06-19,0.0
2023-06-20,0.018223812610496746
2023-06-21,0.002413971802931882
2023-06-22,-0.06794544452012079
2023-06-23,0.04157524691973058
2023-06-26,0.03953523313071502
2023-06-27,-0.06304765201783659
2023-06-28,0.028391497533982596
2023-06-29,-0.1285410279977067
2023-06-30,0.0018759265023024331
2023-07-03,-0.052548993211855625
2023-07-04,0.0
2023-07-05,-0.014221136589139946
2023-07-06,-0.05722436742121721
2023-07-07,0.03242807083229016
2023-07-10,0.07422182649702387
2023-07-11,-0.013672618343910401
2023-07-12,0.1283643371785315
2023-07-13,0.10503165007378396
2023-07-14,-0.10831319515909293
2023-07-17,0.005012544964274855
2023-07-18,0.005330201744208167
2023-07-19,0.004020841680388241
2023-07-20,-0.05672060124306043
2023-07-21,-0.013752234584028595
2023-07-24,-0.005317793310320492
2023-07-25,-0.02494788152406102
2023-07-26,0.03083271040288834
2023-07-27,-0.08379291553928947
2023-07-28,0.03592551703969117
2023-07-31,-0.004847714660811818
2023-08-01,-0.034780607625036514
2023-08-02,0.021693865367890818
2023-08-03,-0.023113592061162307
2023-08-04,0.09918806692023195
2023-08-07,0.008723930942098456
2023-08-08,0.025235256172160693
2023-08-09,-0.03205797887690169
2023-08-10,-0.0386876686913679
2023-08-11,-0.06295446667883133
2023-08-14,-0.0496659163057807
2023-08-15,0.021130741831099496
2023-08-16,-0.04126963693361048
2023-08-17,0.01597380339597798
2023-08-18,0.021071631646464972
2023-08-21,-0.047613396929646105
2023-08-22,0.034991475148799626
2023-08-23,-0.07209670683235832
2023-08-24,0.02381456850778805
2023-08-25,0.040899395069626115
2023-08-28,-0.043293734648118316
2023-08-29,-0.0925400958980151
2023-08-30,0.01887464051256354
2023-08-31,-0.037878587527890174
2023-09-01,0.026819446295869603
2023-09-04,0.0
2023-09-05,0.05961839031578199
2023-09-06,0.0580077706675058
2023-09-07,-0.05497758862204882
2023-09-08,0.024518730607357837
2023-09-11,-0.002789628148628324
2023-09-12,0.008859799825887787
2023-09-13,-0.016550009069169272
2023-09-14,0.03001449044014663
2023-09-15,0.019370323398178627
2023-09-18,0.019405247264179953
2023-09-19,0.03097331413756199
2023-09-20,0.024941192028035346
2023-09-21,0.02614650757191704
2023-09-22,-0.022656641970168992
2023-09-25,0.008944503244793076
2023-09-26,-0.027068076381035654
2023-09-27,0.048134347553734476
2023-09-28,-0.04881253205589538
2023-09-29,-0.012102793257658142
2023-10-02,0.08885496222658187
2023-10-03,0.042959518255819444
2023-10-04,-0.08227122825407424
2023-10-05,-0.024948038880240164
2023-10-06,0.0523451080129304
2023-10-09,0.0
2023-10-10,-0.11330613331042073
2023-10-11,0.0060146820288933785
2023-10-12,0.07515205069301066
2023-10-13,-0.025630593640875346
2023-10-16,0.05345217688073161
2023-10-17,0.10737593476872828
2023-10-18,0.022109449682499782
2023-10-19,-0.016941998025124635
2023-10-20,-0.07368958780474931
2023-10-23,0.031129712585690493
2023-10-24,0.013730646633723052
2023-10-25,-0.06324918112922019
2023-10-26,0.07459818368439337
2023-10-27,0.029114478769903362
2023-10-30,-0.03936112183189966
2023-10-31,-0.030413354417484613
2023-11-01,0.1303649854354309
2023-11-02,-0.004573255369658044
2023-11-03,0.15098232106910572
2023-11-06,-0.10366594011314152
2023-11-07,0.04430082862358833
2023-11-08,0.003761463962848025
2023-11-09,-0.11732597062325742
2023-11-10,-0.004281198882909799
2023-11-13,0.0043369586254192825
2023-11-14,0.2205123823902079
2023-11-15,-0.09618539667256393
2023-11-16,0.07649227486972654
2023-11-17,-0.029856762949638658
2023-11-20,0.0015733123657270193
2023-11-21,0.026189725656535462
2023-11-22,-0.0259880809574482
2023-11-23,-0.0
2023-11-24,-0.038058043635653634
2023-11-27,0.08570606454003152
2023-11-28,0.08633943559762791
2023-11-29,0.07195903977066126
2023-11-30,-0.08255307130985716
2023-12-01,0.15004031500171927
2023-12-04,-0.07231330103703763
2023-12-05,0.07285436615926405
2023-12-06,0.004462796396249249
2023-12-07,0.008119758262239202
2023-12-08,-0.10393379659121127
2023-12-11,-0.003672582816035745
2023-12-12,0.0051165143079478234
2023-12-13,-0.18606996188979713
2023-12-14,-0.07805104708851189
2023-12-15,0.021310790930190074
2023-12-18,0.013421496248439128
2023-12-19,-0.00792301006089986
2023-12-20,-0.05383472840428466
2023-12-21,0.005446782328653053
2023-12-22,-0.0030716372478807614
2023-12-25,0.0
2023-12-26,-0.005963971733032967
2023-12-27,-0.06282747950881952
2023-12-28,0.03582255897097439
2023-12-29,0.0028400505449142103
2024-01-01,0.0
2024-01-02,0.0576522784545144
2024-01-03,-0.015072478201792156
2024-01-04,0.04234514480569116
2024-01-05,0.027570486065440585
2024-01-08,-0.028053734033419823
2024-01-09,0.0014230885677927625
2024-01-10,0.010564247464073742
2024-01-11,-0.05344537355443234
2024-01-12,-0.03952000016703128
2024-01-15,0.0
2024-01-16,0.05933643543510387
2024-01-17,0.04138593414305633
2024-01-18,0.011425763481038978
2024-01-19,0.01967968896167492
2024-01-22,-0.022889190891037598
2024-01-23,0.005303965956712924
2024-01-24,0.00918040067314313
2024-01-25,-0.028301498451927306
2024-01-26,0.018216697829084225
2024-01-29,-0.037261589061129495
2024-01-30,0.015619468906346867
2024-01-31,-0.049051394628175864
2024-02-01,-0.05940632653251576
2024-02-02,0.10184110192608878
2024-02-05,0.07598897626720062
2024-02-06,-0.05198483921776677
2024-02-07,0.012569376717263561
2024-02-08,0.03442314322165223
2024-02-09,0.012087103981016842
2024-02-12,-0.0064602485252612495
2024-02-13,0.10642524879373182
2024-02-14,-0.038212980714190097
2024-02-15,-0.014081757207199796
2024-02-16,0.045031292744530556
2024-02-19,0.0
2024-02-20,-0.026673867962843528
2024-02-21,0.0328697844703431
2024-02-22,0.02193073719050975
2024-02-23,-0.029530327465715205
2024-02-26,0.009500679142092459
2024-02-27,0.016107076138102687
2024-02-28,-0.03763639380501321
2024-02-29,-0.0016458409765431868
2024-03-01,-0.05648018278521061
2024-03-04,0.029447980147460077
2024-03-05,-0.050598706686543427
2024-03-06,-0.004523440596340363
2024-03-07,-0.029487806392243163
2024-03-08,-0.006869453426496006
2024-03-11,0.013375276144192242
2024-03-12,0.04539898320923917
2024-03-13,0.02432501178175717
2024-03-14,0.06532095270377887
2024-03-15,0.024273172639678847
2024-03-18,-0.018980224211497383
2024-03-19,0.033911044791445535
2024-03-20,0.0400970247385461
2024-03-21,-0.006986643916701488
2024-03-22,0.03837271681619226
2024-03-25,-0.014037552917659497
2024-03-26,0.004410261297162666
2024-03-27,0.027457457206902708
2024-03-28,-0.01591760305299862
2024-03-29,-0.0
2024-04-01,-0.09547880463782123
2024-04-02,-0.010106676236065279
2024-04-03,0.005505631898127896
2024-04-04,0.0313425232345379
2024-04-05,-0.05897948983383532
2024-04-08,-0.031231348624714016
2024-04-09,0.04253984824189469
2024-04-10,-0.16260839689878645
2024-04-11,0.0009565203319007068
2024-04-12,0.04726916348275091
2024-04-15,-0.08170987509247167
2024-04-16,-0.029836308120451804
2024-04-17,0.05220166962054158
2024-04-18,-0.04137749981186269
2024-04-19,0.014098142830557648
2024-04-22,-0.0
2024-04-23,0.026892722065870584
2024-04-24,-0.017900951426302984
2024-04-25,-0.04539695266001409
2024-04-26,0.01566138090392403
2024-04-29,0.020884678354122346
2024-04-30,-0.05312422630729961
2024-05-01,0.05902700871166491
2024-05-02,0.05418646728001909
2024-05-03,0.0654286061901228
2024-05-06,0.0008875825583237521
2024-05-07,0.0046854369473538805
2024-05-08,-0.013755461793195265
2024-05-09,0.025439274359813437
2024-05-10,-0.04281396033437905
2024-05-13,0.016011397138049804
2024-05-14,0.02965807926763936
2024-05-15,0.07954299456117582
2024-05-16,-0.03319329409849911
2024-05-17,-0.03343268745702933
2024-05-20,-0.012311860911220815
2024-05-21,0.020341448904270247
2024-05-22,-0.027466975549731695
2024-05-23,-0.03773363539744584
2024-05-24,-0.0047167054327293696
2024-05-27,-0.0
2024-05-28,-0.032736662073279146
2024-05-29,-0.04960768511088287
2024-05-30,0.045412697726935784
2024-05-31,0.03511139269402712
2024-06-03,0.07605416764708509
2024-06-04,0.05573746124594335
2024-06-05,0.033378506113354134
2024-06-06,0.011170144099160803
2024-06-07,-0.12956785233312457
2024-06-10,-0.01805483246135419
2024-06-11,0.05743909678878696
2024-06-12,0.0663535660580716
2024-06-13,0.06093673781095107
2024-06-14,0.019410585354614932
2024-06-17,-0.06476460675821633
2024-06-18,0.04880297858058344
2024-06-19,-0.0
2024-06-20,-0.017282347673244332
2024-06-21,-0.0
2024-06-24,-0.0060583930510172326
2024-06-25,0.023682887432459762
2024-06-26,-0.06175545201466425
2024-06-27,0.021749284698110133
2024-06-28,-0.0353617266568428
2024-07-01,-0.08601404044615964
2024-07-02,0.03847026866376578
2024-07-03,0.047427661485265296
2024-07-04,-0.0
2024-07-05,0.08515177724464346
2024-07-08,-0.007750440734136137
2024-07-09,-0.008977265024378244
2024-07-10,0.00460065524587732
2024-07-11,0.08680684888309831
2024-07-12,0.026190864494191942
2024-07-15,-0.022913729487950403
2024-07-16,0.032949407243498985
2024-07-17,0.012691000442184082
2024-07-18,-0.0332781153387541
2024-07-19,-0.038221353894453296
2024-07-22,-0.008280669914641622
2024-07-23,0.027216260005720236
2024-07-24,-0.010759392235270372
2024-07-25,0.00831863722764006
2024-07-26,-0.053724269568548436
2024-07-29,-0.01113216534095697
2024-07-30,-0.014611690033131773
2024-07-31,-0.04813389562321085
2024-08-01,-0.09701127303795981
2024-08-02,-0.17665865896094837
2024-08-05,-0.0032000390879815084
2024-08-06,0.08822299194648539
2024-08-07,0.04064209360365867
2024-08-08,0.02932527513576729
2024-08-09,-0.02288508637219811
2024-08-12,-0.03574609040574923
2024-08-13,-0.05155512982156797
2024-08-14,-0.0075588518606924966
2024-08-15,0.08871720062048491
2024-08-16,-0.017708904270200016
2024-08-19,-0.015186272999945233
2024-08-20,-0.03860684589079803
2024-08-21,-0.04054102316213462
2024-08-22,0.05789936875196074
2024-08-23,-0.051787603746042854
2024-08-26,0.007663387321038103
2024-08-27,-0.00808840745992145
2024-08-28,-0.010543244111998397
2024-08-29,0.024145721971574826
2024-08-30,0.034682055454196996
2024-09-02,0.0
2024-09-03,-0.04388481274728599
2024-09-04,-0.06879101542951441
2024-09-05,-0.018152336785702758
2024-09-06,-0.03187300195839436
2024-09-09,-0.005368392001737132
2024-09-10,-0.04934618557833176
2024-09-11,0.013197111497223267
2024-09-12,0.01754511699354029
2024-09-13,-0.03218113977000861
2024-09-16,-0.015857788604570502
2024-09-17,0.021745519636636373
2024-09-18,0.025430689949275755
2024-09-19,0.009536733530853958
2024-09-20,-0.012798880822012013
2024-09-23,0.020067599278779352
2024-09-24,-0.03724774727371826
2024-09-25,0.03730301132234767
2024-09-26,0.030359436643035226
2024-09-27,-0.03846260033323605
2024-09-30,0.0696953337281287
2024-10-01,-0.049922585918437665
2024-10-02,0.026911388504260225
2024-10-03,0.054873653784420495
2024-10-04,0.15870354259512376
2024-10-07,0.0430563665561103
2024-10-08,-0.0025233146942974217
2024-10-09,0.023966471387477893
2024-10-10,0.001344284597103868
2024-10-11,0.02225261056787847
2024-10-14,-0.0
2024-10-15,0.010138225347559602
2024-10-16,0.014716700816386045
2024-10-17,-0.03485747477285732
2024-10-18,0.01095274829506978
2024-10-21,-0.06274972612086883
2024-10-22,-0.010591206861230391
2024-10-23,-0.031738536411277565
2024-10-24,0.007375809548483534
2024-10-25,-0.028023630986922333
2024-10-28,-0.0172022602788402
2024-10-29,0.003517511702609849
2024-10-30,-0.023910119862358793
2024-10-31,-0.0066285812366184615
2024-11-01,-0.04072256032561872
2024-11-04,0.03039845301644428
2024-11-05,-0.0036321044019112796
2024-11-06,0.06395899824171784
2024-11-07,-0.053383321962707155
2024-11-08,0.027422574134361704
2024-11-11,0.0
2024-11-12,-0.06667540706045094
2024-11-13,0.03175860877045058
2024-11-14,-0.03171862230855876
2024-11-15,0.017096522122378673
2024-11-18,0.01334589086463096
2024-11-19,-0.016210143139127824
2024-11-20,0.02365204889874172
2024-11-21,0.01701716629338875
2024-11-22,0.011261803213292149
2024-11-25,-0.09859847343352354
2024-11-26,-0.00033238348446835774
2024-11-27,-0.025894190142713165
2024-11-28,0.0
2024-11-29,-0.04059688818763947
2024-12-02,-0.024440629666966363
2024-12-03,-0.00895443333228272
2024-12-04,0.027337867169557238
2024-12-05,-0.008052794323304094
2024-12-06,-0.03178297559206274
2024-12-09,0.023415847281004782
2024-12-10,0.013811312584839072
2024-12-11,-0.011654730276388081
2024-12-12,-0.026235934055751923
2024-12-13,-0.04813520854995437
2024-12-16,-0.0003456865284580333
2024-12-17,-0.0027573438909461244
2024-12-18,-0.08200073925740982
2024-12-19,0.006355339165516361
2024-12-20,0.02501189280994158
2024-12-23,-0.01871361919824305
2024-12-24,0.007378879221597747
2024-12-25,0.0
2024-12-26,-0.0017017647695153025
2024-12-27,-0.011768116356661747
2024-12-30,0.05181766923219325
2024-12-31,-0.00611061286106768
2025-01-01,0.0
